case,model_seed,history,alpha,feature_dim,active_coefficients,validation_h8_mae,selected
bestest_hydronic_heat_pump,202608011,24,10,323,1296,0.55551286599903826,True
bestest_hydronic_heat_pump,202608011,24,1,323,1296,0.55623029035799409,False
bestest_hydronic_heat_pump,202608011,16,100,219,880,0.55834741181653202,False
bestest_hydronic_heat_pump,202608011,24,100,323,1296,0.55906116420240093,False
bestest_hydronic_heat_pump,202608011,24,0.10000000000000001,323,1296,0.56647453143936122,False
bestest_hydronic_heat_pump,202608011,16,10,219,880,0.56708387231002777,False
bestest_hydronic_heat_pump,202608011,24,1000,323,1296,0.56855391848819603,False
bestest_hydronic_heat_pump,202608011,4,100,63,256,0.56890421384412448,False
bestest_hydronic_heat_pump,202608011,8,1000,115,464,0.56996480509225411,False
bestest_hydronic_heat_pump,202608011,16,1000,219,880,0.57048298271262987,False
bestest_hydronic_heat_pump,202608011,40,10000,531,2128,0.57142690814440622,False
bestest_hydronic_heat_pump,202608011,8,100,115,464,0.57364924788837479,False
bestest_hydronic_heat_pump,202608011,40,1000,531,2128,0.57750880222016132,False
bestest_hydronic_heat_pump,202608011,24,10000,323,1296,0.577643566752154,False
bestest_hydronic_heat_pump,202608011,4,10,63,256,0.58167544383613967,False
bestest_hydronic_heat_pump,202608011,40,100,531,2128,0.58248625060473536,False
bestest_hydronic_heat_pump,202608011,4,1000,63,256,0.58482518450117693,False
bestest_hydronic_heat_pump,202608011,16,10000,219,880,0.5867521514743419,False
bestest_hydronic_heat_pump,202608011,8,10000,115,464,0.58884789992412268,False
bestest_hydronic_heat_pump,202608011,40,10,531,2128,0.59076418854297463,False
bestest_hydronic_heat_pump,202608011,4,0.10000000000000001,63,256,0.59218233834796075,False
bestest_hydronic_heat_pump,202608011,40,1,531,2128,0.59466883496213685,False
bestest_hydronic_heat_pump,202608011,40,0.10000000000000001,531,2128,0.59526398350079346,False
bestest_hydronic_heat_pump,202608011,40,0.01,531,2128,0.5953282186180916,False
bestest_hydronic_heat_pump,202608011,40,0.001,531,2128,0.59533467541847129,False
bestest_hydronic_heat_pump,202608011,40,0.0001,531,2128,0.59533531465851264,False
bestest_hydronic_heat_pump,202608011,8,10,115,464,0.59990737805657268,False
bestest_hydronic_heat_pump,202608011,4,10000,63,256,0.60773480097124755,False
bestest_hydronic_heat_pump,202608011,8,1,115,464,0.60880741981947761,False
bestest_hydronic_heat_pump,202608011,16,1,219,880,0.61631761029818088,False
bestest_hydronic_heat_pump,202608011,40,100000,531,2128,0.62017682424802012,False
bestest_hydronic_heat_pump,202608011,4,1,63,256,0.62524366377039675,False
bestest_hydronic_heat_pump,202608011,24,100000,323,1296,0.62658290477672951,False
bestest_hydronic_heat_pump,202608011,16,100000,219,880,0.64292630800758488,False
bestest_hydronic_heat_pump,202608011,8,100000,115,464,0.66025142037197915,False
bestest_hydronic_heat_pump,202608011,8,0.10000000000000001,115,464,0.66954183389941191,False
bestest_hydronic_heat_pump,202608011,4,0.0001,63,256,0.67304335681886374,False
bestest_hydronic_heat_pump,202608011,4,100000,63,256,0.68677354464106499,False
bestest_hydronic_heat_pump,202608011,4,0.01,63,256,0.70238671529377217,False
bestest_hydronic_heat_pump,202608011,16,0.10000000000000001,219,880,0.76942670675118308,False
bestest_hydronic_heat_pump,202608011,24,0.01,323,1296,0.81328985746224747,False
bestest_hydronic_heat_pump,202608011,4,0.001,63,256,0.89875591489158391,False
bestest_hydronic_heat_pump,202608011,8,0.01,115,464,1.2103892702288721,False
bestest_hydronic_heat_pump,202608011,16,0.01,219,880,1.6628929832375523,False
bestest_hydronic_heat_pump,202608011,24,0.001,323,1296,2.1591829736651644,False
bestest_hydronic_heat_pump,202608011,8,0.001,115,464,3.3112554782557275,False
bestest_hydronic_heat_pump,202608011,16,0.001,219,880,9.362619652523712,False
bestest_hydronic_heat_pump,202608011,8,0.0001,115,464,10.445918787526464,False
bestest_hydronic_heat_pump,202608011,24,0.0001,323,1296,11.402199592001399,False
bestest_hydronic_heat_pump,202608011,16,0.0001,219,880,30.431325031489159,False
bestest_hydronic_heat_pump,202608012,24,10,323,1296,0.55821460506963483,True
bestest_hydronic_heat_pump,202608012,24,100,323,1296,0.56257293145462461,False
bestest_hydronic_heat_pump,202608012,24,1,323,1296,0.56271746942448098,False
bestest_hydronic_heat_pump,202608012,16,100,219,880,0.56524104648856766,False
bestest_hydronic_heat_pump,202608012,16,10,219,880,0.56954668609615455,False
bestest_hydronic_heat_pump,202608012,24,1000,323,1296,0.57400461456986762,False
bestest_hydronic_heat_pump,202608012,8,1000,115,464,0.57697332402913371,False
bestest_hydronic_heat_pump,202608012,40,10000,531,2128,0.57773689677615692,False
bestest_hydronic_heat_pump,202608012,8,100,115,464,0.57837425644723062,False
bestest_hydronic_heat_pump,202608012,16,1000,219,880,0.57854564180603318,False
bestest_hydronic_heat_pump,202608012,4,100,63,256,0.57875886455305747,False
bestest_hydronic_heat_pump,202608012,24,10000,323,1296,0.58350097215631647,False
bestest_hydronic_heat_pump,202608012,40,1000,531,2128,0.58497811138166178,False
bestest_hydronic_heat_pump,202608012,4,10,63,256,0.5860813817300049,False
bestest_hydronic_heat_pump,202608012,4,0.10000000000000001,63,256,0.58812830117632475,False
bestest_hydronic_heat_pump,202608012,40,100,531,2128,0.59041232729536797,False
bestest_hydronic_heat_pump,202608012,4,1000,63,256,0.59452055056073838,False
bestest_hydronic_heat_pump,202608012,16,10000,219,880,0.59528482974666641,False
bestest_hydronic_heat_pump,202608012,8,1,115,464,0.59771505385481483,False
bestest_hydronic_heat_pump,202608012,8,10000,115,464,0.59778981018269106,False
bestest_hydronic_heat_pump,202608012,40,10,531,2128,0.59915894876026699,False
bestest_hydronic_heat_pump,202608012,8,10,115,464,0.59930904620312409,False
bestest_hydronic_heat_pump,202608012,40,1,531,2128,0.60320396742330895,False
bestest_hydronic_heat_pump,202608012,40,0.10000000000000001,531,2128,0.60379701602974989,False
bestest_hydronic_heat_pump,202608012,40,0.01,531,2128,0.60385932138405052,False
bestest_hydronic_heat_pump,202608012,40,0.001,531,2128,0.60386558212076757,False
bestest_hydronic_heat_pump,202608012,40,0.0001,531,2128,0.60386619683334009,False
bestest_hydronic_heat_pump,202608012,4,10000,63,256,0.61599019919072251,False
bestest_hydronic_heat_pump,202608012,4,1,63,256,0.61663374253376557,False
bestest_hydronic_heat_pump,202608012,40,100000,531,2128,0.6263013187212092,False
bestest_hydronic_heat_pump,202608012,16,1,219,880,0.62855558153745172,False
bestest_hydronic_heat_pump,202608012,24,100000,323,1296,0.63285234654349976,False
bestest_hydronic_heat_pump,202608012,16,100000,219,880,0.64952315131471217,False
bestest_hydronic_heat_pump,202608012,8,100000,115,464,0.66519670044279544,False
bestest_hydronic_heat_pump,202608012,8,0.10000000000000001,115,464,0.66605182760875303,False
bestest_hydronic_heat_pump,202608012,4,0.0001,63,256,0.67318512740374259,False
bestest_hydronic_heat_pump,202608012,4,0.01,63,256,0.67371811191892772,False
bestest_hydronic_heat_pump,202608012,24,0.10000000000000001,323,1296,0.67851289976148543,False
bestest_hydronic_heat_pump,202608012,4,100000,63,256,0.69095425249167097,False
bestest_hydronic_heat_pump,202608012,4,0.001,63,256,0.82887636729556513,False
bestest_hydronic_heat_pump,202608012,16,0.10000000000000001,219,880,1.110666634395485,False
bestest_hydronic_heat_pump,202608012,8,0.01,115,464,1.1511464987107503,False
bestest_hydronic_heat_pump,202608012,16,0.01,219,880,1.4003418550069642,False
bestest_hydronic_heat_pump,202608012,24,0.01,323,1296,1.5391041805074734,False
bestest_hydronic_heat_pump,202608012,8,0.001,115,464,2.5367507663218185,False
bestest_hydronic_heat_pump,202608012,24,0.001,323,1296,2.9470574088368777,False
bestest_hydronic_heat_pump,202608012,24,0.0001,323,1296,3.0990144416375802,False
bestest_hydronic_heat_pump,202608012,8,0.0001,115,464,7.0796681589888308,False
bestest_hydronic_heat_pump,202608012,16,0.001,219,880,7.3785572716003314,False
bestest_hydronic_heat_pump,202608012,16,0.0001,219,880,26.817238212279459,False
bestest_hydronic_heat_pump,202608013,16,100,219,880,0.56985713287666528,True
bestest_hydronic_heat_pump,202608013,24,0.10000000000000001,323,1296,0.57035614324168049,False
bestest_hydronic_heat_pump,202608013,24,10,323,1296,0.57043877050783753,False
bestest_hydronic_heat_pump,202608013,24,1,323,1296,0.5709498459763479,False
bestest_hydronic_heat_pump,202608013,24,100,323,1296,0.57282365280914538,False
bestest_hydronic_heat_pump,202608013,16,10,219,880,0.5752098315299039,False
bestest_hydronic_heat_pump,202608013,4,100,63,256,0.58036528834442713,False
bestest_hydronic_heat_pump,202608013,16,1000,219,880,0.58041003251463241,False
bestest_hydronic_heat_pump,202608013,40,10000,531,2128,0.58078254653660555,False
bestest_hydronic_heat_pump,202608013,24,1000,323,1296,0.58124000836175482,False
bestest_hydronic_heat_pump,202608013,8,1000,115,464,0.58128428742238125,False
bestest_hydronic_heat_pump,202608013,8,100,115,464,0.58359758739932188,False
bestest_hydronic_heat_pump,202608013,4,0.0001,63,256,0.58598130840516116,False
bestest_hydronic_heat_pump,202608013,24,10000,323,1296,0.58720250241177652,False
bestest_hydronic_heat_pump,202608013,4,0.10000000000000001,63,256,0.58789904466856557,False
bestest_hydronic_heat_pump,202608013,40,1000,531,2128,0.58863767132496658,False
bestest_hydronic_heat_pump,202608013,4,10,63,256,0.59432154591946973,False
bestest_hydronic_heat_pump,202608013,40,100,531,2128,0.59439707586793,False
bestest_hydronic_heat_pump,202608013,16,10000,219,880,0.59439899458705125,False
bestest_hydronic_heat_pump,202608013,4,1000,63,256,0.59459318074446466,False
bestest_hydronic_heat_pump,202608013,8,10000,115,464,0.59851430690544905,False
bestest_hydronic_heat_pump,202608013,40,10,531,2128,0.60265428136797472,False
bestest_hydronic_heat_pump,202608013,40,1,531,2128,0.60621255262663487,False
bestest_hydronic_heat_pump,202608013,40,0.10000000000000001,531,2128,0.60672897093721101,False
bestest_hydronic_heat_pump,202608013,40,0.01,531,2128,0.6067830923991121,False
bestest_hydronic_heat_pump,202608013,40,0.001,531,2128,0.60678852716777998,False
bestest_hydronic_heat_pump,202608013,40,0.0001,531,2128,0.60678903767025361,False
bestest_hydronic_heat_pump,202608013,8,10,115,464,0.61067042789892323,False
bestest_hydronic_heat_pump,202608013,8,1,115,464,0.61319746266942754,False
bestest_hydronic_heat_pump,202608013,4,10000,63,256,0.61514806289794799,False
bestest_hydronic_heat_pump,202608013,40,100000,531,2128,0.62558915510234203,False
bestest_hydronic_heat_pump,202608013,4,1,63,256,0.62924323585756581,False
bestest_hydronic_heat_pump,202608013,24,100000,323,1296,0.63213618573943198,False
bestest_hydronic_heat_pump,202608013,16,1,219,880,0.64260852737639207,False
bestest_hydronic_heat_pump,202608013,16,100000,219,880,0.64776752021153139,False
bestest_hydronic_heat_pump,202608013,8,0.10000000000000001,115,464,0.65339421213918747,False
bestest_hydronic_heat_pump,202608013,8,100000,115,464,0.66458630934590945,False
bestest_hydronic_heat_pump,202608013,4,100000,63,256,0.6896507510044938,False
bestest_hydronic_heat_pump,202608013,24,0.01,323,1296,0.70088723804831621,False
bestest_hydronic_heat_pump,202608013,4,0.01,63,256,0.78419929435546243,False
bestest_hydronic_heat_pump,202608013,16,0.01,219,880,0.96555141604641448,False
bestest_hydronic_heat_pump,202608013,4,0.001,63,256,1.0166269902473015,False
bestest_hydronic_heat_pump,202608013,8,0.01,115,464,1.0564905039913053,False
bestest_hydronic_heat_pump,202608013,16,0.10000000000000001,219,880,1.1154451021874681,False
bestest_hydronic_heat_pump,202608013,24,0.001,323,1296,1.6512419472737949,False
bestest_hydronic_heat_pump,202608013,8,0.001,115,464,2.3207037656400997,False
bestest_hydronic_heat_pump,202608013,8,0.0001,115,464,6.4418663714394127,False
bestest_hydronic_heat_pump,202608013,24,0.0001,323,1296,8.3610098415776157,False
bestest_hydronic_heat_pump,202608013,16,0.001,219,880,11.213714612257075,False
bestest_hydronic_heat_pump,202608013,16,0.0001,219,880,39.423831957627222,False
bestest_hydronic_heat_pump,202608014,24,10,323,1296,0.56013643265692159,True
bestest_hydronic_heat_pump,202608014,24,1,323,1296,0.56091715218774429,False
bestest_hydronic_heat_pump,202608014,16,100,219,880,0.56331475063355019,False
bestest_hydronic_heat_pump,202608014,24,100,323,1296,0.56360165143788143,False
bestest_hydronic_heat_pump,202608014,40,10000,531,2128,0.57171508521927927,False
bestest_hydronic_heat_pump,202608014,24,1000,323,1296,0.57259552780442324,False
bestest_hydronic_heat_pump,202608014,8,1000,115,464,0.57359505053591608,False
bestest_hydronic_heat_pump,202608014,8,100,115,464,0.57434754431719781,False
bestest_hydronic_heat_pump,202608014,16,1000,219,880,0.57448337033492414,False
bestest_hydronic_heat_pump,202608014,4,100,63,256,0.57465034159090544,False
bestest_hydronic_heat_pump,202608014,16,10,219,880,0.57493262622105124,False
bestest_hydronic_heat_pump,202608014,40,1000,531,2128,0.57897923082981362,False
bestest_hydronic_heat_pump,202608014,4,10,63,256,0.5801345312068763,False
bestest_hydronic_heat_pump,202608014,24,10000,323,1296,0.58083638179352537,False
bestest_hydronic_heat_pump,202608014,4,0.10000000000000001,63,256,0.58160852536731544,False
bestest_hydronic_heat_pump,202608014,8,1,115,464,0.58435964200652879,False
bestest_hydronic_heat_pump,202608014,40,100,531,2128,0.58473710441978566,False
bestest_hydronic_heat_pump,202608014,8,10,115,464,0.58867191902230309,False
bestest_hydronic_heat_pump,202608014,4,1000,63,256,0.58931491125722935,False
bestest_hydronic_heat_pump,202608014,16,10000,219,880,0.59098798873502334,False
bestest_hydronic_heat_pump,202608014,24,0.10000000000000001,323,1296,0.59108598344743812,False
bestest_hydronic_heat_pump,202608014,40,10,531,2128,0.5924509268096203,False
bestest_hydronic_heat_pump,202608014,8,10000,115,464,0.59326210443978311,False
bestest_hydronic_heat_pump,202608014,40,1,531,2128,0.59594288723031918,False
bestest_hydronic_heat_pump,202608014,40,0.10000000000000001,531,2128,0.59645559210627241,False
bestest_hydronic_heat_pump,202608014,40,0.01,531,2128,0.59650934611655859,False
bestest_hydronic_heat_pump,202608014,40,0.001,531,2128,0.59651474560641271,False
bestest_hydronic_heat_pump,202608014,40,0.0001,531,2128,0.59651526390217646,False
bestest_hydronic_heat_pump,202608014,4,1,63,256,0.60750827079088066,False
bestest_hydronic_heat_pump,202608014,4,10000,63,256,0.6101565315062466,False
bestest_hydronic_heat_pump,202608014,40,100000,531,2128,0.61983161913521068,False
bestest_hydronic_heat_pump,202608014,24,100000,323,1296,0.6289228090226795,False
bestest_hydronic_heat_pump,202608014,16,1,219,880,0.63161991925857519,False
bestest_hydronic_heat_pump,202608014,16,100000,219,880,0.64603363202565078,False
bestest_hydronic_heat_pump,202608014,8,100000,115,464,0.66169274844937698,False
bestest_hydronic_heat_pump,202608014,8,0.10000000000000001,115,464,0.66388801262739061,False
bestest_hydronic_heat_pump,202608014,4,0.01,63,256,0.68186804974781978,False
bestest_hydronic_heat_pump,202608014,4,100000,63,256,0.68835846128027156,False
bestest_hydronic_heat_pump,202608014,4,0.0001,63,256,0.70280690337557028,False
bestest_hydronic_heat_pump,202608014,16,0.10000000000000001,219,880,0.77464836089928746,False
bestest_hydronic_heat_pump,202608014,4,0.001,63,256,0.8326943906303057,False
bestest_hydronic_heat_pump,202608014,8,0.01,115,464,1.1591875929534332,False
bestest_hydronic_heat_pump,202608014,24,0.01,323,1296,1.173091132992224,False
bestest_hydronic_heat_pump,202608014,24,0.001,323,1296,1.3647258365773169,False
bestest_hydronic_heat_pump,202608014,16,0.01,219,880,1.5972440835237367,False
bestest_hydronic_heat_pump,202608014,8,0.001,115,464,2.6989698849678443,False
bestest_hydronic_heat_pump,202608014,24,0.0001,323,1296,7.8275592823652431,False
bestest_hydronic_heat_pump,202608014,8,0.0001,115,464,7.8404564549296838,False
bestest_hydronic_heat_pump,202608014,16,0.001,219,880,10.055768585082713,False
bestest_hydronic_heat_pump,202608014,16,0.0001,219,880,33.351015224297406,False
bestest_hydronic_heat_pump,202608015,24,10,323,1296,0.55873203772864177,True
bestest_hydronic_heat_pump,202608015,16,100,219,880,0.55917818439393718,False
bestest_hydronic_heat_pump,202608015,24,100,323,1296,0.56153779693184724,False
bestest_hydronic_heat_pump,202608015,24,1,323,1296,0.56198966123009808,False
bestest_hydronic_heat_pump,202608015,16,10,219,880,0.56524003176494564,False
bestest_hydronic_heat_pump,202608015,40,10000,531,2128,0.57020634084469013,False
bestest_hydronic_heat_pump,202608015,24,1000,323,1296,0.57058069756039553,False
bestest_hydronic_heat_pump,202608015,16,1000,219,880,0.57247487544923936,False
bestest_hydronic_heat_pump,202608015,8,1000,115,464,0.57249452926119726,False
bestest_hydronic_heat_pump,202608015,8,100,115,464,0.57344515720882605,False
bestest_hydronic_heat_pump,202608015,4,100,63,256,0.57694906492456988,False
bestest_hydronic_heat_pump,202608015,24,10000,323,1296,0.57743953403138482,False
bestest_hydronic_heat_pump,202608015,40,1000,531,2128,0.57879381298098465,False
bestest_hydronic_heat_pump,202608015,4,10,63,256,0.58420140361506712,False
bestest_hydronic_heat_pump,202608015,40,100,531,2128,0.58486054880502025,False
bestest_hydronic_heat_pump,202608015,16,10000,219,880,0.58839643608189485,False
bestest_hydronic_heat_pump,202608015,8,10,115,464,0.58968484421791678,False
bestest_hydronic_heat_pump,202608015,4,1000,63,256,0.59244149633319354,False
bestest_hydronic_heat_pump,202608015,8,10000,115,464,0.5928227610910406,False
bestest_hydronic_heat_pump,202608015,40,10,531,2128,0.59383067728769379,False
bestest_hydronic_heat_pump,202608015,4,0.10000000000000001,63,256,0.59417564085614716,False
bestest_hydronic_heat_pump,202608015,40,1,531,2128,0.59789702626818664,False
bestest_hydronic_heat_pump,202608015,40,0.10000000000000001,531,2128,0.59850361504855865,False
bestest_hydronic_heat_pump,202608015,40,0.01,531,2128,0.59856733914039151,False
bestest_hydronic_heat_pump,202608015,40,0.001,531,2128,0.59857374237874128,False
bestest_hydronic_heat_pump,202608015,40,0.0001,531,2128,0.59857436828769695,False
bestest_hydronic_heat_pump,202608015,24,0.10000000000000001,323,1296,0.59983528898107497,False
bestest_hydronic_heat_pump,202608015,16,1,219,880,0.60092790901334048,False
bestest_hydronic_heat_pump,202608015,8,1,115,464,0.60234611563299667,False
bestest_hydronic_heat_pump,202608015,4,0.0001,63,256,0.61084120406691533,False
bestest_hydronic_heat_pump,202608015,4,10000,63,256,0.6132459667099639,False
bestest_hydronic_heat_pump,202608015,4,1,63,256,0.61657005939602205,False
bestest_hydronic_heat_pump,202608015,40,100000,531,2128,0.61999228242001947,False
bestest_hydronic_heat_pump,202608015,24,100000,323,1296,0.62808099648583748,False
bestest_hydronic_heat_pump,202608015,16,100000,219,880,0.64427679747617428,False
bestest_hydronic_heat_pump,202608015,8,100000,115,464,0.66237123010996157,False
bestest_hydronic_heat_pump,202608015,4,100000,63,256,0.68910578429721536,False
bestest_hydronic_heat_pump,202608015,4,0.01,63,256,0.69873027173424984,False
bestest_hydronic_heat_pump,202608015,16,0.10000000000000001,219,880,0.75539664297597742,False
bestest_hydronic_heat_pump,202608015,8,0.10000000000000001,115,464,0.77131469437134093,False
bestest_hydronic_heat_pump,202608015,4,0.001,63,256,0.85562397316339778,False
bestest_hydronic_heat_pump,202608015,24,0.01,323,1296,0.9969268175580146,False
bestest_hydronic_heat_pump,202608015,16,0.01,219,880,1.3649932843992303,False
bestest_hydronic_heat_pump,202608015,8,0.01,115,464,1.4106996089257695,False
bestest_hydronic_heat_pump,202608015,24,0.001,323,1296,2.322115207510413,False
bestest_hydronic_heat_pump,202608015,8,0.001,115,464,3.0040847587581831,False
bestest_hydronic_heat_pump,202608015,16,0.001,219,880,7.1688477692397612,False
bestest_hydronic_heat_pump,202608015,8,0.0001,115,464,8.1982082814908246,False
bestest_hydronic_heat_pump,202608015,24,0.0001,323,1296,9.0845849336162612,False
bestest_hydronic_heat_pump,202608015,16,0.0001,219,880,23.326921132826772,False
multizone_office_simple_air,202608011,8,10000,115,464,0.43265234857352058,True
multizone_office_simple_air,202608011,16,10000,219,880,0.45632078863614167,False
multizone_office_simple_air,202608011,4,10000,63,256,0.46237809570478605,False
multizone_office_simple_air,202608011,4,1000,63,256,0.46729409474072681,False
multizone_office_simple_air,202608011,24,100000,323,1296,0.47755937024019979,False
multizone_office_simple_air,202608011,16,100000,219,880,0.47851680579677708,False
multizone_office_simple_air,202608011,24,10000,323,1296,0.48349338593028507,False
multizone_office_simple_air,202608011,8,100000,115,464,0.4953078040828382,False
multizone_office_simple_air,202608011,40,100000,531,2128,0.49816968560147978,False
multizone_office_simple_air,202608011,8,1000,115,464,0.49851733734950593,False
multizone_office_simple_air,202608011,4,100,63,256,0.50151186199050612,False
multizone_office_simple_air,202608011,16,1000,219,880,0.52165306710011272,False
multizone_office_simple_air,202608011,4,100000,63,256,0.54739178579536496,False
multizone_office_simple_air,202608011,16,100,219,880,0.55894995429637473,False
multizone_office_simple_air,202608011,24,1000,323,1296,0.56924123990897679,False
multizone_office_simple_air,202608011,8,100,115,464,0.56982064085908934,False
multizone_office_simple_air,202608011,40,10000,531,2128,0.59380470932724949,False
multizone_office_simple_air,202608011,24,100,323,1296,0.60547289407411642,False
multizone_office_simple_air,202608011,24,10,323,1296,0.6138193590553932,False
multizone_office_simple_air,202608011,4,10,63,256,0.63112445722929444,False
multizone_office_simple_air,202608011,24,1,323,1296,0.64947921587109669,False
multizone_office_simple_air,202608011,16,10,219,880,0.65564119406745003,False
multizone_office_simple_air,202608011,40,1000,531,2128,0.69985348922645474,False
multizone_office_simple_air,202608011,40,100,531,2128,0.74201486273543149,False
multizone_office_simple_air,202608011,40,0.0001,531,2128,0.74906930101993863,False
multizone_office_simple_air,202608011,40,0.001,531,2128,0.74906934136969427,False
multizone_office_simple_air,202608011,40,0.01,531,2128,0.7490698521322805,False
multizone_office_simple_air,202608011,40,0.10000000000000001,531,2128,0.7490749064740988,False
multizone_office_simple_air,202608011,40,10,531,2128,0.74910664973635732,False
multizone_office_simple_air,202608011,40,1,531,2128,0.74912182058553112,False
multizone_office_simple_air,202608011,4,1,63,256,0.84462250249891002,False
multizone_office_simple_air,202608011,8,10,115,464,0.85278071021373913,False
multizone_office_simple_air,202608011,16,1,219,880,0.95847919989071406,False
multizone_office_simple_air,202608011,4,0.10000000000000001,63,256,1.0066090726168113,False
multizone_office_simple_air,202608011,24,0.10000000000000001,323,1296,1.0782150371148789,False
multizone_office_simple_air,202608011,8,1,115,464,1.1496522730934351,False
multizone_office_simple_air,202608011,8,0.10000000000000001,115,464,1.3544313743988892,False
multizone_office_simple_air,202608011,4,0.01,63,256,1.5219074978792018,False
multizone_office_simple_air,202608011,16,0.10000000000000001,219,880,1.8570286536545457,False
multizone_office_simple_air,202608011,8,0.01,115,464,2.0059670096232449,False
multizone_office_simple_air,202608011,4,0.001,63,256,2.0584963677077228,False
multizone_office_simple_air,202608011,4,0.0001,63,256,2.853168263367055,False
multizone_office_simple_air,202608011,16,0.01,219,880,3.6698195125806534,False
multizone_office_simple_air,202608011,24,0.01,323,1296,3.8994361979645538,False
multizone_office_simple_air,202608011,8,0.001,115,464,5.5203389309886184,False
multizone_office_simple_air,202608011,16,0.001,219,880,6.9375015584367627,False
multizone_office_simple_air,202608011,24,0.001,323,1296,8.0188514207421999,False
multizone_office_simple_air,202608011,24,0.0001,323,1296,12.801765912835185,False
multizone_office_simple_air,202608011,16,0.0001,219,880,16.193399408878488,False
multizone_office_simple_air,202608011,8,0.0001,115,464,18.343044929967668,False
multizone_office_simple_air,202608012,8,10000,115,464,0.43008085997624257,True
multizone_office_simple_air,202608012,16,10000,219,880,0.45288254960169533,False
multizone_office_simple_air,202608012,4,10000,63,256,0.45909231651084326,False
multizone_office_simple_air,202608012,4,1000,63,256,0.46626155127737484,False
multizone_office_simple_air,202608012,24,10000,323,1296,0.47114499649838659,False
multizone_office_simple_air,202608012,24,100000,323,1296,0.47809991297226917,False
multizone_office_simple_air,202608012,16,100000,219,880,0.48004649600267812,False
multizone_office_simple_air,202608012,40,100000,531,2128,0.49078294577062864,False
multizone_office_simple_air,202608012,8,1000,115,464,0.49512607520025503,False
multizone_office_simple_air,202608012,8,100000,115,464,0.49566288077411957,False
multizone_office_simple_air,202608012,4,100,63,256,0.49855374909005834,False
multizone_office_simple_air,202608012,16,1000,219,880,0.51834563471717598,False
multizone_office_simple_air,202608012,8,100,115,464,0.53763034429455403,False
multizone_office_simple_air,202608012,4,100000,63,256,0.5451984057594248,False
multizone_office_simple_air,202608012,24,1000,323,1296,0.54817878507641415,False
multizone_office_simple_air,202608012,16,100,219,880,0.55123298912720142,False
multizone_office_simple_air,202608012,40,10000,531,2128,0.56040841527765817,False
multizone_office_simple_air,202608012,4,10,63,256,0.56958018360535134,False
multizone_office_simple_air,202608012,24,100,323,1296,0.57987834209832412,False
multizone_office_simple_air,202608012,24,10,323,1296,0.59080595254162838,False
multizone_office_simple_air,202608012,16,10,219,880,0.63431084418294037,False
multizone_office_simple_air,202608012,40,1000,531,2128,0.64278861361244677,False
multizone_office_simple_air,202608012,24,1,323,1296,0.65611261323078451,False
multizone_office_simple_air,202608012,40,100,531,2128,0.67453636905077219,False
multizone_office_simple_air,202608012,8,10,115,464,0.68124690199509996,False
multizone_office_simple_air,202608012,40,10,531,2128,0.68127255242207729,False
multizone_office_simple_air,202608012,40,0.0001,531,2128,0.68146961120647831,False
multizone_office_simple_air,202608012,40,0.001,531,2128,0.68146961916218662,False
multizone_office_simple_air,202608012,40,0.01,531,2128,0.68146975582473535,False
multizone_office_simple_air,202608012,40,0.10000000000000001,531,2128,0.68147107301267751,False
multizone_office_simple_air,202608012,40,1,531,2128,0.68147971172365285,False
multizone_office_simple_air,202608012,4,1,63,256,0.69652306096442684,False
multizone_office_simple_air,202608012,4,0.10000000000000001,63,256,0.80029031572575104,False
multizone_office_simple_air,202608012,8,1,115,464,0.85761889797553081,False
multizone_office_simple_air,202608012,16,1,219,880,0.92443012274518832,False
multizone_office_simple_air,202608012,8,0.10000000000000001,115,464,1.0055409713384438,False
multizone_office_simple_air,202608012,24,0.10000000000000001,323,1296,1.0448295054819934,False
multizone_office_simple_air,202608012,4,0.01,63,256,1.141272918384669,False
multizone_office_simple_air,202608012,8,0.01,115,464,1.5072488655345295,False
multizone_office_simple_air,202608012,4,0.001,63,256,1.5092804922166569,False
multizone_office_simple_air,202608012,16,0.10000000000000001,219,880,2.06935539964556,False
multizone_office_simple_air,202608012,4,0.0001,63,256,2.1778640187085534,False
multizone_office_simple_air,202608012,24,0.01,323,1296,3.2956389763732261,False
multizone_office_simple_air,202608012,16,0.01,219,880,4.5212977561152012,False
multizone_office_simple_air,202608012,8,0.001,115,464,4.655610683657831,False
multizone_office_simple_air,202608012,24,0.001,323,1296,7.5980725738752906,False
multizone_office_simple_air,202608012,16,0.001,219,880,9.622586387989104,False
multizone_office_simple_air,202608012,24,0.0001,323,1296,14.259263740546606,False
multizone_office_simple_air,202608012,8,0.0001,115,464,16.194008861033115,False
multizone_office_simple_air,202608012,16,0.0001,219,880,23.578069566130658,False
multizone_office_simple_air,202608013,8,10000,115,464,0.43851181266323047,True
multizone_office_simple_air,202608013,4,10000,63,256,0.45966665679065288,False
multizone_office_simple_air,202608013,16,10000,219,880,0.47044101038799457,False
multizone_office_simple_air,202608013,4,1000,63,256,0.4740207435255302,False
multizone_office_simple_air,202608013,16,100000,219,880,0.47801009653764465,False
multizone_office_simple_air,202608013,24,100000,323,1296,0.47815153066394106,False
multizone_office_simple_air,202608013,8,100000,115,464,0.49274119429758761,False
multizone_office_simple_air,202608013,40,100000,531,2128,0.49813385820870859,False
multizone_office_simple_air,202608013,24,10000,323,1296,0.50378689078701888,False
multizone_office_simple_air,202608013,4,100,63,256,0.50997706232074402,False
multizone_office_simple_air,202608013,8,1000,115,464,0.52039178878925396,False
multizone_office_simple_air,202608013,4,100000,63,256,0.54700930635131029,False
multizone_office_simple_air,202608013,16,1000,219,880,0.55839764135353187,False
multizone_office_simple_air,202608013,8,100,115,464,0.58303509725217695,False
multizone_office_simple_air,202608013,16,100,219,880,0.59093685804130014,False
multizone_office_simple_air,202608013,40,10000,531,2128,0.60218973327887571,False
multizone_office_simple_air,202608013,24,1000,323,1296,0.61566930962866229,False
multizone_office_simple_air,202608013,24,100,323,1296,0.65658923514957745,False
multizone_office_simple_air,202608013,16,10,219,880,0.65718744101226012,False
multizone_office_simple_air,202608013,4,10,63,256,0.65849557631554334,False
multizone_office_simple_air,202608013,24,10,323,1296,0.6589774553751504,False
multizone_office_simple_air,202608013,24,1,323,1296,0.67387754915049758,False
multizone_office_simple_air,202608013,40,1000,531,2128,0.72023089456309297,False
multizone_office_simple_air,202608013,40,100,531,2128,0.76433320105380154,False
multizone_office_simple_air,202608013,40,0.0001,531,2128,0.7690261896331384,False
multizone_office_simple_air,202608013,40,0.001,531,2128,0.76902625999531171,False
multizone_office_simple_air,202608013,40,0.01,531,2128,0.76902698059615437,False
multizone_office_simple_air,202608013,40,0.10000000000000001,531,2128,0.7690341162421982,False
multizone_office_simple_air,202608013,40,1,531,2128,0.76909885563070812,False
multizone_office_simple_air,202608013,40,10,531,2128,0.76933209143063364,False
multizone_office_simple_air,202608013,8,10,115,464,0.90284213259413859,False
multizone_office_simple_air,202608013,4,1,63,256,0.90397762199165277,False
multizone_office_simple_air,202608013,16,1,219,880,0.92238172997938417,False
multizone_office_simple_air,202608013,24,0.10000000000000001,323,1296,0.99558222417194808,False
multizone_office_simple_air,202608013,4,0.10000000000000001,63,256,1.0981648694857404,False
multizone_office_simple_air,202608013,8,1,115,464,1.2518038353164611,False
multizone_office_simple_air,202608013,16,0.10000000000000001,219,880,1.527597954719057,False
multizone_office_simple_air,202608013,8,0.10000000000000001,115,464,1.5572849065516741,False
multizone_office_simple_air,202608013,4,0.01,63,256,1.7283717981245501,False
multizone_office_simple_air,202608013,8,0.01,115,464,2.2913000414913478,False
multizone_office_simple_air,202608013,4,0.001,63,256,2.3638155727771872,False
multizone_office_simple_air,202608013,16,0.01,219,880,2.6674732636342311,False
multizone_office_simple_air,202608013,4,0.0001,63,256,3.1421759835854397,False
multizone_office_simple_air,202608013,24,0.01,323,1296,3.3905502568981247,False
multizone_office_simple_air,202608013,16,0.001,219,880,4.4665060760073363,False
multizone_office_simple_air,202608013,8,0.001,115,464,5.3811485831352268,False
multizone_office_simple_air,202608013,24,0.001,323,1296,7.1367265350000864,False
multizone_office_simple_air,202608013,16,0.0001,219,880,10.15721063396777,False
multizone_office_simple_air,202608013,24,0.0001,323,1296,11.88179569337518,False
multizone_office_simple_air,202608013,8,0.0001,115,464,16.497619485846975,False
multizone_office_simple_air,202608014,8,10000,115,464,0.43727203519027141,True
multizone_office_simple_air,202608014,16,10000,219,880,0.4588926527393391,False
multizone_office_simple_air,202608014,4,10000,63,256,0.46908044615545919,False
multizone_office_simple_air,202608014,4,1000,63,256,0.47699692855562459,False
multizone_office_simple_air,202608014,24,100000,323,1296,0.48067077686478593,False
multizone_office_simple_air,202608014,24,10000,323,1296,0.48147352360337764,False
multizone_office_simple_air,202608014,16,100000,219,880,0.48175860368881895,False
multizone_office_simple_air,202608014,40,100000,531,2128,0.49555070139081658,False
multizone_office_simple_air,202608014,8,100000,115,464,0.49827599425692337,False
multizone_office_simple_air,202608014,8,1000,115,464,0.50663825275927599,False
multizone_office_simple_air,202608014,4,100,63,256,0.50690842889952659,False
multizone_office_simple_air,202608014,16,1000,219,880,0.5299246756110696,False
multizone_office_simple_air,202608014,4,100000,63,256,0.54766622518889618,False
multizone_office_simple_air,202608014,16,100,219,880,0.56100830676618396,False
multizone_office_simple_air,202608014,24,1000,323,1296,0.5652272798753224,False
multizone_office_simple_air,202608014,8,100,115,464,0.57267579632812105,False
multizone_office_simple_air,202608014,40,10000,531,2128,0.57568415716190602,False
multizone_office_simple_air,202608014,24,100,323,1296,0.59987609080267168,False
multizone_office_simple_air,202608014,24,10,323,1296,0.60800537653325226,False
multizone_office_simple_air,202608014,4,10,63,256,0.61750626436657652,False
multizone_office_simple_air,202608014,24,1,323,1296,0.63920561804422626,False
multizone_office_simple_air,202608014,16,10,219,880,0.67132151556900233,False
multizone_office_simple_air,202608014,40,1000,531,2128,0.67337785507306691,False
multizone_office_simple_air,202608014,40,100,531,2128,0.71259801216320573,False
multizone_office_simple_air,202608014,40,0.0001,531,2128,0.71898402995071753,False
multizone_office_simple_air,202608014,40,0.001,531,2128,0.71898407602218217,False
multizone_office_simple_air,202608014,40,0.01,531,2128,0.71898459651556434,False
multizone_office_simple_air,202608014,40,0.10000000000000001,531,2128,0.71898973131905586,False
multizone_office_simple_air,202608014,40,1,531,2128,0.71903422067782352,False
multizone_office_simple_air,202608014,40,10,531,2128,0.71906695946353683,False
multizone_office_simple_air,202608014,4,1,63,256,0.80751418107653872,False
multizone_office_simple_air,202608014,8,10,115,464,0.87713313874523213,False
multizone_office_simple_air,202608014,4,0.10000000000000001,63,256,0.95497188915973563,False
multizone_office_simple_air,202608014,24,0.10000000000000001,323,1296,1.0092014542865577,False
multizone_office_simple_air,202608014,16,1,219,880,1.0378551798632212,False
multizone_office_simple_air,202608014,8,1,115,464,1.2128491475561569,False
multizone_office_simple_air,202608014,8,0.10000000000000001,115,464,1.4255969760024758,False
multizone_office_simple_air,202608014,4,0.01,63,256,1.4328692267911742,False
multizone_office_simple_air,202608014,4,0.001,63,256,1.9447242642712521,False
multizone_office_simple_air,202608014,8,0.01,115,464,2.0683050078120351,False
multizone_office_simple_air,202608014,16,0.10000000000000001,219,880,2.1381120875744757,False
multizone_office_simple_air,202608014,4,0.0001,63,256,2.8226110572761214,False
multizone_office_simple_air,202608014,24,0.01,323,1296,3.5113916725452148,False
multizone_office_simple_air,202608014,16,0.01,219,880,4.1684209738679368,False
multizone_office_simple_air,202608014,8,0.001,115,464,6.0122460288400408,False
multizone_office_simple_air,202608014,16,0.001,219,880,6.2627436433132653,False
multizone_office_simple_air,202608014,24,0.001,323,1296,8.0007858997434518,False
multizone_office_simple_air,202608014,16,0.0001,219,880,11.513250500607693,False
multizone_office_simple_air,202608014,24,0.0001,323,1296,12.228046479270386,False
multizone_office_simple_air,202608014,8,0.0001,115,464,20.509534786859206,False
multizone_office_simple_air,202608015,8,10000,115,464,0.43595806212959315,True
multizone_office_simple_air,202608015,4,10000,63,256,0.46033596394725979,False
multizone_office_simple_air,202608015,16,10000,219,880,0.46073644078022946,False
multizone_office_simple_air,202608015,4,1000,63,256,0.46856656065708596,False
multizone_office_simple_air,202608015,16,100000,219,880,0.47948462077685267,False
multizone_office_simple_air,202608015,24,100000,323,1296,0.48074044345628958,False
multizone_office_simple_air,202608015,24,10000,323,1296,0.48266518720762502,False
multizone_office_simple_air,202608015,40,100000,531,2128,0.49491068708867997,False
multizone_office_simple_air,202608015,8,100000,115,464,0.49604471508773534,False
multizone_office_simple_air,202608015,4,100,63,256,0.5027311567123196,False
multizone_office_simple_air,202608015,8,1000,115,464,0.51121570870219102,False
multizone_office_simple_air,202608015,16,1000,219,880,0.53591583387365294,False
multizone_office_simple_air,202608015,4,100000,63,256,0.54522777094231822,False
multizone_office_simple_air,202608015,24,1000,323,1296,0.56704893947332402,False
multizone_office_simple_air,202608015,8,100,115,464,0.5704032307039133,False
multizone_office_simple_air,202608015,16,100,219,880,0.57101688175984577,False
multizone_office_simple_air,202608015,40,10000,531,2128,0.58955599764478939,False
multizone_office_simple_air,202608015,4,10,63,256,0.60238412394335117,False
multizone_office_simple_air,202608015,24,100,323,1296,0.60325034612844797,False
multizone_office_simple_air,202608015,24,10,323,1296,0.60776290526441412,False
multizone_office_simple_air,202608015,24,1,323,1296,0.64004749169087571,False
multizone_office_simple_air,202608015,16,10,219,880,0.64326852108034327,False
multizone_office_simple_air,202608015,40,1000,531,2128,0.69381324444264603,False
multizone_office_simple_air,202608015,40,100,531,2128,0.73607859174536583,False
multizone_office_simple_air,202608015,40,10,531,2128,0.74323373815156779,False
multizone_office_simple_air,202608015,40,1,531,2128,0.74382971660292418,False
multizone_office_simple_air,202608015,40,0.10000000000000001,531,2128,0.74389818305886779,False
multizone_office_simple_air,202608015,40,0.01,531,2128,0.74390502459852181,False
multizone_office_simple_air,202608015,40,0.001,531,2128,0.74390570945059231,False
multizone_office_simple_air,202608015,40,0.0001,531,2128,0.74390578413221931,False
multizone_office_simple_air,202608015,4,1,63,256,0.77501798045233117,False
multizone_office_simple_air,202608015,8,10,115,464,0.8132594960414018,False
multizone_office_simple_air,202608015,4,0.10000000000000001,63,256,0.91545836846572404,False
multizone_office_simple_air,202608015,16,1,219,880,0.91644888924961454,False
multizone_office_simple_air,202608015,24,0.10000000000000001,323,1296,0.99462028714086759,False
multizone_office_simple_air,202608015,8,1,115,464,1.067329578591828,False
multizone_office_simple_air,202608015,8,0.10000000000000001,115,464,1.2367097015434321,False
multizone_office_simple_air,202608015,4,0.01,63,256,1.3776529347786075,False
multizone_office_simple_air,202608015,16,0.10000000000000001,219,880,1.8428028557568674,False
multizone_office_simple_air,202608015,4,0.001,63,256,1.8557745667702679,False
multizone_office_simple_air,202608015,8,0.01,115,464,1.8892087149276484,False
multizone_office_simple_air,202608015,4,0.0001,63,256,2.5385696992829514,False
multizone_office_simple_air,202608015,24,0.01,323,1296,3.3388254510444519,False
multizone_office_simple_air,202608015,16,0.01,219,880,3.7314229720952889,False
multizone_office_simple_air,202608015,8,0.001,115,464,5.3819948625341789,False
multizone_office_simple_air,202608015,24,0.001,323,1296,6.7206176561438111,False
multizone_office_simple_air,202608015,16,0.001,219,880,7.0975479430001709,False
multizone_office_simple_air,202608015,24,0.0001,323,1296,8.2067051680487104,False
multizone_office_simple_air,202608015,16,0.0001,219,880,16.436572490699422,False
multizone_office_simple_air,202608015,8,0.0001,115,464,18.131115936628223,False
twozone_apartment_hydronic,202608011,4,0.10000000000000001,63,256,0.45237603528609027,True
twozone_apartment_hydronic,202608011,4,10,63,256,0.45245067669928096,False
twozone_apartment_hydronic,202608011,4,10000,63,256,0.4526022434706431,False
twozone_apartment_hydronic,202608011,8,100000,115,464,0.45590896768142058,False
twozone_apartment_hydronic,202608011,4,1,63,256,0.4589916511445763,False
twozone_apartment_hydronic,202608011,8,10,115,464,0.45983998004150373,False
twozone_apartment_hydronic,202608011,8,100,115,464,0.46003276176717528,False
twozone_apartment_hydronic,202608011,8,10000,115,464,0.46231287647055641,False
twozone_apartment_hydronic,202608011,8,1,115,464,0.46279638044120697,False
twozone_apartment_hydronic,202608011,8,1000,115,464,0.46301742906576748,False
twozone_apartment_hydronic,202608011,4,100,63,256,0.46410419889210724,False
twozone_apartment_hydronic,202608011,4,100000,63,256,0.46447046167413386,False
twozone_apartment_hydronic,202608011,4,1000,63,256,0.46500674305598722,False
twozone_apartment_hydronic,202608011,16,100000,219,880,0.47566537759263783,False
twozone_apartment_hydronic,202608011,16,100,219,880,0.47807899116991648,False
twozone_apartment_hydronic,202608011,16,1000,219,880,0.4827674907767136,False
twozone_apartment_hydronic,202608011,40,100000,531,2128,0.48669815637390135,False
twozone_apartment_hydronic,202608011,24,100000,323,1296,0.4903501602028526,False
twozone_apartment_hydronic,202608011,40,10000,531,2128,0.49103689518528304,False
twozone_apartment_hydronic,202608011,16,10000,219,880,0.49359829899932545,False
twozone_apartment_hydronic,202608011,16,10,219,880,0.49623935588069401,False
twozone_apartment_hydronic,202608011,24,100,323,1296,0.50804908242427793,False
twozone_apartment_hydronic,202608011,24,10000,323,1296,0.50814526689292705,False
twozone_apartment_hydronic,202608011,24,10,323,1296,0.50865008113958698,False
twozone_apartment_hydronic,202608011,24,1,323,1296,0.51183438279526494,False
twozone_apartment_hydronic,202608011,24,1000,323,1296,0.51232965824358556,False
twozone_apartment_hydronic,202608011,40,1000,531,2128,0.52029740227077315,False
twozone_apartment_hydronic,202608011,40,100,531,2128,0.53327402748775588,False
twozone_apartment_hydronic,202608011,16,1,219,880,0.5361144573634028,False
twozone_apartment_hydronic,202608011,24,0.10000000000000001,323,1296,0.54076910323916139,False
twozone_apartment_hydronic,202608011,40,10,531,2128,0.54324101059771301,False
twozone_apartment_hydronic,202608011,40,1,531,2128,0.54659981586865825,False
twozone_apartment_hydronic,202608011,40,0.10000000000000001,531,2128,0.54725415548642842,False
twozone_apartment_hydronic,202608011,40,0.01,531,2128,0.54732754235332248,False
twozone_apartment_hydronic,202608011,40,0.001,531,2128,0.5473358249512088,False
twozone_apartment_hydronic,202608011,40,0.0001,531,2128,0.54733670523959077,False
twozone_apartment_hydronic,202608011,16,0.10000000000000001,219,880,0.57507508705694277,False
twozone_apartment_hydronic,202608011,4,0.01,63,256,0.57977624742232936,False
twozone_apartment_hydronic,202608011,8,0.10000000000000001,115,464,0.61946322040012558,False
twozone_apartment_hydronic,202608011,4,0.0001,63,256,0.71604054978628318,False
twozone_apartment_hydronic,202608011,4,0.001,63,256,0.73860338892264932,False
twozone_apartment_hydronic,202608011,16,0.01,219,880,0.84464562629187756,False
twozone_apartment_hydronic,202608011,8,0.01,115,464,1.101594056555673,False
twozone_apartment_hydronic,202608011,8,0.001,115,464,1.1024074644529309,False
twozone_apartment_hydronic,202608011,24,0.01,323,1296,1.132356492706746,False
twozone_apartment_hydronic,202608011,24,0.001,323,1296,2.1241400365700693,False
twozone_apartment_hydronic,202608011,24,0.0001,323,1296,2.2018150622854389,False
twozone_apartment_hydronic,202608011,16,0.001,219,880,2.9348521462220565,False
twozone_apartment_hydronic,202608011,8,0.0001,115,464,2.9809976391905466,False
twozone_apartment_hydronic,202608011,16,0.0001,219,880,8.8718133083342803,False
twozone_apartment_hydronic,202608012,8,100000,115,464,0.45207313648156394,True
twozone_apartment_hydronic,202608012,4,10000,63,256,0.45293440533443319,False
twozone_apartment_hydronic,202608012,4,10,63,256,0.45589741677283069,False
twozone_apartment_hydronic,202608012,8,100,115,464,0.45772886018364101,False
twozone_apartment_hydronic,202608012,8,10000,115,464,0.4580097480786896,False
twozone_apartment_hydronic,202608012,4,100000,63,256,0.45946500292172143,False
twozone_apartment_hydronic,202608012,8,1000,115,464,0.46056419324763942,False
twozone_apartment_hydronic,202608012,4,1,63,256,0.46162763434872989,False
twozone_apartment_hydronic,202608012,4,1000,63,256,0.46369254251123648,False
twozone_apartment_hydronic,202608012,4,100,63,256,0.46504890515426844,False
twozone_apartment_hydronic,202608012,4,0.10000000000000001,63,256,0.46661066368952619,False
twozone_apartment_hydronic,202608012,16,100000,219,880,0.47375803556861784,False
twozone_apartment_hydronic,202608012,16,100,219,880,0.47442832374441285,False
twozone_apartment_hydronic,202608012,16,1000,219,880,0.47780886018231455,False
twozone_apartment_hydronic,202608012,40,10000,531,2128,0.48118474699836994,False
twozone_apartment_hydronic,202608012,16,10,219,880,0.48281840688599925,False
twozone_apartment_hydronic,202608012,40,100000,531,2128,0.48373396030357796,False
twozone_apartment_hydronic,202608012,16,10000,219,880,0.48641260534290831,False
twozone_apartment_hydronic,202608012,8,10,115,464,0.48797195775469293,False
twozone_apartment_hydronic,202608012,24,100000,323,1296,0.48825486812698859,False
twozone_apartment_hydronic,202608012,16,1,219,880,0.49070226260859162,False
twozone_apartment_hydronic,202608012,24,100,323,1296,0.49597423013955877,False
twozone_apartment_hydronic,202608012,24,10000,323,1296,0.49743341724778201,False
twozone_apartment_hydronic,202608012,24,10,323,1296,0.49845436682270039,False
twozone_apartment_hydronic,202608012,24,1000,323,1296,0.50087903926394639,False
twozone_apartment_hydronic,202608012,24,1,323,1296,0.50369895270873233,False
twozone_apartment_hydronic,202608012,24,0.10000000000000001,323,1296,0.5097237565569458,False
twozone_apartment_hydronic,202608012,40,1000,531,2128,0.5123559465987827,False
twozone_apartment_hydronic,202608012,40,100,531,2128,0.52714931864851389,False
twozone_apartment_hydronic,202608012,4,0.01,63,256,0.53349420084843102,False
twozone_apartment_hydronic,202608012,40,10,531,2128,0.5377264895892907,False
twozone_apartment_hydronic,202608012,40,1,531,2128,0.54078751039596873,False
twozone_apartment_hydronic,202608012,40,0.10000000000000001,531,2128,0.54135305122094335,False
twozone_apartment_hydronic,202608012,40,0.01,531,2128,0.54141576271447622,False
twozone_apartment_hydronic,202608012,40,0.001,531,2128,0.54142208425339677,False
twozone_apartment_hydronic,202608012,40,0.0001,531,2128,0.5414226602269363,False
twozone_apartment_hydronic,202608012,8,1,115,464,0.56239375174473072,False
twozone_apartment_hydronic,202608012,16,0.10000000000000001,219,880,0.57897414236432188,False
twozone_apartment_hydronic,202608012,8,0.001,115,464,0.60872787062686073,False
twozone_apartment_hydronic,202608012,4,0.001,63,256,0.63054529466505582,False
twozone_apartment_hydronic,202608012,8,0.10000000000000001,115,464,0.63505040645210165,False
twozone_apartment_hydronic,202608012,24,0.01,323,1296,0.73670183552236757,False
twozone_apartment_hydronic,202608012,4,0.0001,63,256,0.75324453151695347,False
twozone_apartment_hydronic,202608012,8,0.01,115,464,0.78997143816021897,False
twozone_apartment_hydronic,202608012,16,0.01,219,880,0.84242308247989173,False
twozone_apartment_hydronic,202608012,8,0.0001,115,464,1.145867537077625,False
twozone_apartment_hydronic,202608012,24,0.001,323,1296,1.7124849401030802,False
twozone_apartment_hydronic,202608012,24,0.0001,323,1296,7.3393117127378558,False
twozone_apartment_hydronic,202608012,16,0.001,219,880,7.6212603854076209,False
twozone_apartment_hydronic,202608012,16,0.0001,219,880,25.740004270586873,False
twozone_apartment_hydronic,202608013,4,0.10000000000000001,63,256,0.44171422909810881,True
twozone_apartment_hydronic,202608013,4,10,63,256,0.44683980841044973,False
twozone_apartment_hydronic,202608013,4,1,63,256,0.44730474039137935,False
twozone_apartment_hydronic,202608013,8,100000,115,464,0.45138952210617395,False
twozone_apartment_hydronic,202608013,4,10000,63,256,0.4538178787230624,False
twozone_apartment_hydronic,202608013,8,100,115,464,0.45441262271102356,False
twozone_apartment_hydronic,202608013,8,10000,115,464,0.45711508754231156,False
twozone_apartment_hydronic,202608013,8,1000,115,464,0.45797349518371194,False
twozone_apartment_hydronic,202608013,4,100,63,256,0.46094616109513992,False
twozone_apartment_hydronic,202608013,4,100000,63,256,0.46153977887874065,False
twozone_apartment_hydronic,202608013,4,1000,63,256,0.46404832583666983,False
twozone_apartment_hydronic,202608013,16,100,219,880,0.47162594873066677,False
twozone_apartment_hydronic,202608013,16,100000,219,880,0.47223746005623762,False
twozone_apartment_hydronic,202608013,16,1000,219,880,0.47732472505276274,False
twozone_apartment_hydronic,202608013,16,10,219,880,0.48200886991029612,False
twozone_apartment_hydronic,202608013,40,100000,531,2128,0.48334014802259162,False
twozone_apartment_hydronic,202608013,24,100000,323,1296,0.48707823127375799,False
twozone_apartment_hydronic,202608013,16,10000,219,880,0.48818547332553786,False
twozone_apartment_hydronic,202608013,40,10000,531,2128,0.48849391168531431,False
twozone_apartment_hydronic,202608013,16,1,219,880,0.49302973187962351,False
twozone_apartment_hydronic,202608013,24,10,323,1296,0.49690308924275606,False
twozone_apartment_hydronic,202608013,24,100,323,1296,0.49707209240883277,False
twozone_apartment_hydronic,202608013,24,1,323,1296,0.50179658529743121,False
twozone_apartment_hydronic,202608013,24,10000,323,1296,0.50256007310939632,False
twozone_apartment_hydronic,202608013,24,0.10000000000000001,323,1296,0.50401486929324624,False
twozone_apartment_hydronic,202608013,24,1000,323,1296,0.50428959445205379,False
twozone_apartment_hydronic,202608013,8,10,115,464,0.51424190314834795,False
twozone_apartment_hydronic,202608013,40,1000,531,2128,0.51669815058258939,False
twozone_apartment_hydronic,202608013,40,100,531,2128,0.53145148715232526,False
twozone_apartment_hydronic,202608013,40,10,531,2128,0.54061804545683667,False
twozone_apartment_hydronic,202608013,40,1,531,2128,0.54380339185586546,False
twozone_apartment_hydronic,202608013,40,0.10000000000000001,531,2128,0.54452639132518732,False
twozone_apartment_hydronic,202608013,40,0.01,531,2128,0.54460904213799699,False
twozone_apartment_hydronic,202608013,40,0.001,531,2128,0.54461739491052252,False
twozone_apartment_hydronic,202608013,40,0.0001,531,2128,0.5446182203407286,False
twozone_apartment_hydronic,202608013,8,1,115,464,0.58323578736388448,False
twozone_apartment_hydronic,202608013,8,0.10000000000000001,115,464,0.62641237968387009,False
twozone_apartment_hydronic,202608013,4,0.01,63,256,0.64668813132993996,False
twozone_apartment_hydronic,202608013,16,0.10000000000000001,219,880,0.77800933030112884,False
twozone_apartment_hydronic,202608013,4,0.0001,63,256,0.8050179036732148,False
twozone_apartment_hydronic,202608013,8,0.0001,115,464,0.83217426098889236,False
twozone_apartment_hydronic,202608013,4,0.001,63,256,0.85714494937601293,False
twozone_apartment_hydronic,202608013,24,0.01,323,1296,0.8633408295082079,False
twozone_apartment_hydronic,202608013,8,0.01,115,464,0.94510560445365643,False
twozone_apartment_hydronic,202608013,8,0.001,115,464,1.0383785662120573,False
twozone_apartment_hydronic,202608013,16,0.01,219,880,1.1486620806653325,False
twozone_apartment_hydronic,202608013,24,0.001,323,1296,1.7681344867313353,False
twozone_apartment_hydronic,202608013,16,0.001,219,880,4.3227657774566755,False
twozone_apartment_hydronic,202608013,24,0.0001,323,1296,4.4120562093578028,False
twozone_apartment_hydronic,202608013,16,0.0001,219,880,13.901547266835124,False
twozone_apartment_hydronic,202608014,4,10,63,256,0.44650501506635421,True
twozone_apartment_hydronic,202608014,8,100000,115,464,0.45026786001472618,False
twozone_apartment_hydronic,202608014,4,10000,63,256,0.4549885898081002,False
twozone_apartment_hydronic,202608014,8,10000,115,464,0.45663354219095531,False
twozone_apartment_hydronic,202608014,8,1000,115,464,0.45744800909251193,False
twozone_apartment_hydronic,202608014,4,1,63,256,0.45768863555329925,False
twozone_apartment_hydronic,202608014,4,100000,63,256,0.45781788903857673,False
twozone_apartment_hydronic,202608014,4,100,63,256,0.45872545120013264,False
twozone_apartment_hydronic,202608014,8,100,115,464,0.46227621111079176,False
twozone_apartment_hydronic,202608014,4,1000,63,256,0.46327187967277422,False
twozone_apartment_hydronic,202608014,16,100000,219,880,0.47187798959969529,False
twozone_apartment_hydronic,202608014,4,0.10000000000000001,63,256,0.47389165773416086,False
twozone_apartment_hydronic,202608014,16,1000,219,880,0.47807682651207417,False
twozone_apartment_hydronic,202608014,16,100,219,880,0.47874348798316069,False
twozone_apartment_hydronic,202608014,40,100000,531,2128,0.48137517348671804,False
twozone_apartment_hydronic,202608014,40,10000,531,2128,0.48437049253389752,False
twozone_apartment_hydronic,202608014,16,1,219,880,0.48508042168207233,False
twozone_apartment_hydronic,202608014,16,10000,219,880,0.48598739682988479,False
twozone_apartment_hydronic,202608014,24,100000,323,1296,0.48619388649285078,False
twozone_apartment_hydronic,202608014,16,10,219,880,0.49769463751328075,False
twozone_apartment_hydronic,202608014,24,10000,323,1296,0.49924811127466268,False
twozone_apartment_hydronic,202608014,24,100,323,1296,0.50144518888030709,False
twozone_apartment_hydronic,202608014,24,10,323,1296,0.50374642164161887,False
twozone_apartment_hydronic,202608014,24,1000,323,1296,0.50554968347365214,False
twozone_apartment_hydronic,202608014,8,10,115,464,0.50722109030948803,False
twozone_apartment_hydronic,202608014,24,1,323,1296,0.51116102026118404,False
twozone_apartment_hydronic,202608014,40,1000,531,2128,0.51314952818096071,False
twozone_apartment_hydronic,202608014,40,100,531,2128,0.52659763565739026,False
twozone_apartment_hydronic,202608014,40,10,531,2128,0.53605970621601529,False
twozone_apartment_hydronic,202608014,40,1,531,2128,0.53953993735174999,False
twozone_apartment_hydronic,202608014,40,0.10000000000000001,531,2128,0.54024540285016254,False
twozone_apartment_hydronic,202608014,40,0.01,531,2128,0.54032374106148284,False
twozone_apartment_hydronic,202608014,40,0.001,531,2128,0.54033165750595313,False
twozone_apartment_hydronic,202608014,40,0.0001,531,2128,0.54033250206769257,False
twozone_apartment_hydronic,202608014,8,1,115,464,0.55532018307362019,False
twozone_apartment_hydronic,202608014,24,0.10000000000000001,323,1296,0.58707622135586601,False
twozone_apartment_hydronic,202608014,8,0.10000000000000001,115,464,0.67448374958193258,False
twozone_apartment_hydronic,202608014,4,0.01,63,256,0.72447623294861596,False
twozone_apartment_hydronic,202608014,8,0.0001,115,464,0.788319976719972,False
twozone_apartment_hydronic,202608014,4,0.0001,63,256,0.78918885934237415,False
twozone_apartment_hydronic,202608014,8,0.001,115,464,0.85463322241371631,False
twozone_apartment_hydronic,202608014,8,0.01,115,464,0.9466337329568173,False
twozone_apartment_hydronic,202608014,4,0.001,63,256,0.95430682637872855,False
twozone_apartment_hydronic,202608014,16,0.01,219,880,0.97567837799265489,False
twozone_apartment_hydronic,202608014,16,0.10000000000000001,219,880,0.98576934027133967,False
twozone_apartment_hydronic,202608014,24,0.01,323,1296,1.2341425883043384,False
twozone_apartment_hydronic,202608014,24,0.0001,323,1296,2.1341515694024191,False
twozone_apartment_hydronic,202608014,24,0.001,323,1296,2.2580832526001249,False
twozone_apartment_hydronic,202608014,16,0.001,219,880,10.090129421404876,False
twozone_apartment_hydronic,202608014,16,0.0001,219,880,37.299235694538552,False
twozone_apartment_hydronic,202608015,4,1,63,256,0.44958245457011825,True
twozone_apartment_hydronic,202608015,4,0.10000000000000001,63,256,0.450053967838277,False
twozone_apartment_hydronic,202608015,8,100000,115,464,0.45378498839224929,False
twozone_apartment_hydronic,202608015,4,10000,63,256,0.46059153996973989,False
twozone_apartment_hydronic,202608015,8,10000,115,464,0.46059365855951351,False
twozone_apartment_hydronic,202608015,4,10,63,256,0.46064836404648785,False
twozone_apartment_hydronic,202608015,4,100000,63,256,0.46516774100093328,False
twozone_apartment_hydronic,202608015,8,1000,115,464,0.46561476225546955,False
twozone_apartment_hydronic,202608015,16,100000,219,880,0.47114638794548575,False
twozone_apartment_hydronic,202608015,4,1000,63,256,0.47491327147869483,False
twozone_apartment_hydronic,202608015,4,100,63,256,0.47585862982878024,False
twozone_apartment_hydronic,202608015,8,100,115,464,0.4761604485419646,False
twozone_apartment_hydronic,202608015,16,1000,219,880,0.47918070081387931,False
twozone_apartment_hydronic,202608015,40,100000,531,2128,0.48492942720990245,False
twozone_apartment_hydronic,202608015,16,10000,219,880,0.48635477351413298,False
twozone_apartment_hydronic,202608015,24,100000,323,1296,0.48671478961988468,False
twozone_apartment_hydronic,202608015,16,100,219,880,0.48740510191538078,False
twozone_apartment_hydronic,202608015,40,10000,531,2128,0.48741768665003465,False
twozone_apartment_hydronic,202608015,16,1,219,880,0.49755225627595506,False
twozone_apartment_hydronic,202608015,24,10000,323,1296,0.5005162539821516,False
twozone_apartment_hydronic,202608015,24,100,323,1296,0.50446926311675844,False
twozone_apartment_hydronic,202608015,24,1000,323,1296,0.5059767068130594,False
twozone_apartment_hydronic,202608015,24,10,323,1296,0.51157917816076581,False
twozone_apartment_hydronic,202608015,40,1000,531,2128,0.51847080151711755,False
twozone_apartment_hydronic,202608015,16,10,219,880,0.52189398300820633,False
twozone_apartment_hydronic,202608015,24,1,323,1296,0.53229494108474318,False
twozone_apartment_hydronic,202608015,40,100,531,2128,0.53556281084499791,False
twozone_apartment_hydronic,202608015,4,0.01,63,256,0.53911756958399282,False
twozone_apartment_hydronic,202608015,40,10,531,2128,0.54878991083586526,False
twozone_apartment_hydronic,202608015,40,1,531,2128,0.55226315607470999,False
twozone_apartment_hydronic,202608015,40,0.10000000000000001,531,2128,0.55277038328428885,False
twozone_apartment_hydronic,202608015,40,0.01,531,2128,0.55282681472862516,False
twozone_apartment_hydronic,202608015,40,0.001,531,2128,0.55283249734677464,False
twozone_apartment_hydronic,202608015,40,0.0001,531,2128,0.55283311721760664,False
twozone_apartment_hydronic,202608015,8,10,115,464,0.58400478127920519,False
twozone_apartment_hydronic,202608015,24,0.10000000000000001,323,1296,0.62616535440160759,False
twozone_apartment_hydronic,202608015,4,0.001,63,256,0.64786392825243699,False
twozone_apartment_hydronic,202608015,8,0.0001,115,464,0.69167830026368982,False
twozone_apartment_hydronic,202608015,8,1,115,464,0.69666665414794748,False
twozone_apartment_hydronic,202608015,8,0.10000000000000001,115,464,0.72407032899583235,False
twozone_apartment_hydronic,202608015,8,0.001,115,464,0.74460800936031768,False
twozone_apartment_hydronic,202608015,8,0.01,115,464,0.79252341446457863,False
twozone_apartment_hydronic,202608015,4,0.0001,63,256,0.83241084730522419,False
twozone_apartment_hydronic,202608015,16,0.10000000000000001,219,880,0.96438173518704295,False
twozone_apartment_hydronic,202608015,16,0.01,219,880,1.0097636528926597,False
twozone_apartment_hydronic,202608015,24,0.01,323,1296,1.2525462895590982,False
twozone_apartment_hydronic,202608015,24,0.0001,323,1296,1.2671860840041087,False
twozone_apartment_hydronic,202608015,24,0.001,323,1296,2.0908577962977222,False
twozone_apartment_hydronic,202608015,16,0.001,219,880,10.19716804873428,False
twozone_apartment_hydronic,202608015,16,0.0001,219,880,38.136348663837062,False
