case,condition,policy,endpoint,windows,median,mean,minimum,maximum
bestest_hydronic_heat_pump,clean,constant_zero,operational_score,12,0,0,0,0
bestest_hydronic_heat_pump,clean,constant_zero,cost_tot,12,0.09593082353408397,0.074950287879841718,0,0.13681106906245208
bestest_hydronic_heat_pump,clean,constant_zero,tdis_tot,12,1.0786171347283076,1.5226250329243625,0.14303030565056882,3.9515590712258191
bestest_hydronic_heat_pump,clean,constant_zero,control_cost_proxy,12,12.350201259135211,9.7873464898609583,0,19.222873838757
bestest_hydronic_heat_pump,clean,constant_zero,control_discomfort_kh,12,0.69000220711127014,1.2791314656744852,0,4.1863732272659036
bestest_hydronic_heat_pump,clean,constant_zero,control_energy_kwh,12,48.649636107264897,38.30886762608533,0,74.439277914793365
bestest_hydronic_heat_pump,clean,legacy_rssm,operational_score,12,-0.034831310699218451,-0.038773960198609382,-0.1131357216522063,0.030143770035265804
bestest_hydronic_heat_pump,clean,legacy_rssm,cost_tot,12,0.070547113884004919,0.064024791282176183,0,0.12814219471248969
bestest_hydronic_heat_pump,clean,legacy_rssm,tdis_tot,12,4.0849775882911654,6.2627635191100035,0.14303030565056882,21.610539460050191
bestest_hydronic_heat_pump,clean,legacy_rssm,control_cost_proxy,12,7.5402660502417485,7.7149624849201928,0,16.329382651597427
bestest_hydronic_heat_pump,clean,legacy_rssm,control_discomfort_kh,12,4.2979928912484127,6.1286345998125178,0,21.754841348941042
bestest_hydronic_heat_pump,clean,legacy_rssm,control_energy_kwh,12,30.43081795131123,30.53949279082596,0,63.804944479395715
bestest_hydronic_heat_pump,clean,direct_h8_rssm,operational_score,12,-0.058758954231131304,-0.049434689772890228,-0.11258865402939656,0.0021598131148037754
bestest_hydronic_heat_pump,clean,direct_h8_rssm,cost_tot,12,0.080244624209861892,0.063725719609794104,0,0.11880475764867035
bestest_hydronic_heat_pump,clean,direct_h8_rssm,tdis_tot,12,3.5463210027235501,4.0221557488099107,0.14303030565056882,10.357160306029895
bestest_hydronic_heat_pump,clean,direct_h8_rssm,control_cost_proxy,12,9.26115940270879,7.6119867067748244,0,14.951449795718608
bestest_hydronic_heat_pump,clean,direct_h8_rssm,control_discomfort_kh,12,3.3921840983498868,3.861784215859148,0,10.45515338622377
bestest_hydronic_heat_pump,clean,direct_h8_rssm,control_energy_kwh,12,36.900963532518659,30.076298764281507,0,59.727629862184045
bestest_hydronic_heat_pump,clean,deterministic_wm,operational_score,12,-0.055648644178981174,-0.049739766473920782,-0.12877922247751697,0.058093589754164093
bestest_hydronic_heat_pump,clean,deterministic_wm,cost_tot,12,0.078518857344839377,0.065451174099814324,0,0.11880475764867035
bestest_hydronic_heat_pump,clean,deterministic_wm,tdis_tot,12,1.8971724046722209,1.8674777627499379,0.14303030565056882,3.9515537200111157
bestest_hydronic_heat_pump,clean,deterministic_wm,control_cost_proxy,12,8.8869912591067255,7.9305265164195591,0,15.456188170282868
bestest_hydronic_heat_pump,clean,deterministic_wm,control_discomfort_kh,12,1.8441192285967603,1.7001898444047729,0,4.1863675424314124
bestest_hydronic_heat_pump,clean,deterministic_wm,control_energy_kwh,12,35.30695305941876,31.288011561887775,0,60.184631180814009
bestest_hydronic_heat_pump,clean,rc_supervisory_selector,operational_score,12,-0.042350122464771503,-0.056931077454864705,-0.12877922247751697,3.4541838944690539e-08
bestest_hydronic_heat_pump,clean,rc_supervisory_selector,cost_tot,12,0.072832844720700493,0.063967430095820538,0,0.11880475764867035
bestest_hydronic_heat_pump,clean,rc_supervisory_selector,tdis_tot,12,1.8971724046722209,2.2470798464687585,0.14303030565056882,5.6154823931348874
bestest_hydronic_heat_pump,clean,rc_supervisory_selector,control_cost_proxy,12,7.802541595655426,7.6296511531384033,0,15.456188170282868
bestest_hydronic_heat_pump,clean,rc_supervisory_selector,control_discomfort_kh,12,1.7833105144534898,2.0772862578135807,0,5.5373418386411259
bestest_hydronic_heat_pump,clean,rc_supervisory_selector,control_energy_kwh,12,31.017943964044015,29.920735235266999,0,60.762874751169889
bestest_hydronic_heat_pump,clean,tuned_rule_based,operational_score,12,-0.039324053422761053,-0.048837648446842609,-0.12877922247751697,0.045967598108424768
bestest_hydronic_heat_pump,clean,tuned_rule_based,cost_tot,12,0.073975305877724634,0.065469511222406254,0,0.11880475764867035
bestest_hydronic_heat_pump,clean,tuned_rule_based,tdis_tot,12,1.8971724046722209,2.2394047891611319,0.14303030565056882,5.6154823931348874
bestest_hydronic_heat_pump,clean,tuned_rule_based,control_cost_proxy,12,8.000268837942599,7.9159602006060581,0,15.456188170282868
bestest_hydronic_heat_pump,clean,tuned_rule_based,control_discomfort_kh,12,1.8531336805671685,2.0679828616379026,0,5.5373418386411259
bestest_hydronic_heat_pump,clean,tuned_rule_based,control_energy_kwh,12,31.759606538264471,31.096590492527636,0,60.762874751169889
bestest_hydronic_heat_pump,zone_bias_negative,constant_zero,operational_score,12,0,0,0,0
bestest_hydronic_heat_pump,zone_bias_negative,constant_zero,cost_tot,12,0.09593082353408397,0.074950287879841718,0,0.13681106906245208
bestest_hydronic_heat_pump,zone_bias_negative,constant_zero,tdis_tot,12,1.0786171347283076,1.5226250329243625,0.14303030565056882,3.9515590712258191
bestest_hydronic_heat_pump,zone_bias_negative,constant_zero,control_cost_proxy,12,12.350201259135211,9.7873464898609583,0,19.222873838757
bestest_hydronic_heat_pump,zone_bias_negative,constant_zero,control_discomfort_kh,12,0.69000220711127014,1.2791314656744852,0,4.1863732272659036
bestest_hydronic_heat_pump,zone_bias_negative,constant_zero,control_energy_kwh,12,48.649636107264897,38.30886762608533,0,74.439277914793365
bestest_hydronic_heat_pump,zone_bias_negative,legacy_rssm,operational_score,12,-0.051290275205085847,-0.043358329941535233,-0.1131357216522063,0.030143770035265804
bestest_hydronic_heat_pump,zone_bias_negative,legacy_rssm,cost_tot,12,0.070547113884004919,0.063195003883095735,0,0.12046609762166145
bestest_hydronic_heat_pump,zone_bias_negative,legacy_rssm,tdis_tot,12,3.950958619946328,6.2202952435054257,0.14303030565056882,21.610539460050191
bestest_hydronic_heat_pump,zone_bias_negative,legacy_rssm,control_cost_proxy,12,7.5402660502417485,7.5459472608896627,0,15.656701182951348
bestest_hydronic_heat_pump,zone_bias_negative,legacy_rssm,control_discomfort_kh,12,4.1766636036298834,6.0882842785965581,0,21.754841348941042
bestest_hydronic_heat_pump,zone_bias_negative,legacy_rssm,control_energy_kwh,12,30.43081795131123,29.883177580724432,0,60.894173352967208
bestest_hydronic_heat_pump,zone_bias_negative,direct_h8_rssm,operational_score,12,-0.058758954231131304,-0.050345782542785322,-0.11395989525861069,0.0021598131148037754
bestest_hydronic_heat_pump,zone_bias_negative,direct_h8_rssm,cost_tot,12,0.07575594392974308,0.063488055493475207,0,0.12493014881308133
bestest_hydronic_heat_pump,zone_bias_negative,direct_h8_rssm,tdis_tot,12,3.5463264393739098,4.0885995709890759,0.14303030565056882,10.357160306029895
bestest_hydronic_heat_pump,zone_bias_negative,direct_h8_rssm,control_cost_proxy,12,8.4862529564406302,7.5799174340400652,0,15.678892266903151
bestest_hydronic_heat_pump,zone_bias_negative,direct_h8_rssm,control_discomfort_kh,12,3.622634089784853,3.9359653906707996,0,10.45515338622377
bestest_hydronic_heat_pump,zone_bias_negative,direct_h8_rssm,control_energy_kwh,12,33.973371593702723,30.011338130506505,0,61.789191087482791
bestest_hydronic_heat_pump,zone_bias_negative,deterministic_wm,operational_score,12,-0.051994743780322247,-0.0445531856355528,-0.11619175479285279,0.057877038955582653
bestest_hydronic_heat_pump,zone_bias_negative,deterministic_wm,cost_tot,12,0.080796259885808339,0.066521627172543174,0,0.12189802850352736
bestest_hydronic_heat_pump,zone_bias_negative,deterministic_wm,tdis_tot,12,1.5828831741424236,1.7282722278930649,0.14303030565056882,3.9515537200111157
bestest_hydronic_heat_pump,zone_bias_negative,deterministic_wm,control_cost_proxy,12,9.3803578694587308,8.1425148218428287,0,15.456188170282868
bestest_hydronic_heat_pump,zone_bias_negative,deterministic_wm,control_discomfort_kh,12,1.6696590938091802,1.5603079140646987,0,4.1863675424314124
bestest_hydronic_heat_pump,zone_bias_negative,deterministic_wm,control_energy_kwh,12,37.375153265912957,32.171870506020973,0,60.184631180814009
bestest_hydronic_heat_pump,zone_bias_negative,rc_supervisory_selector,operational_score,12,-0.040330726666202493,-0.038851272000481434,-0.13394042117866392,0.03952944059087949
bestest_hydronic_heat_pump,zone_bias_negative,rc_supervisory_selector,cost_tot,12,0.082037318331894593,0.06762711189203803,0,0.12907597810892185
bestest_hydronic_heat_pump,zone_bias_negative,rc_supervisory_selector,tdis_tot,12,1.7339156396902178,1.7067399444107165,0.14303030565056882,3.9515694133126495
bestest_hydronic_heat_pump,zone_bias_negative,rc_supervisory_selector,control_cost_proxy,12,9.5582006925803675,8.3685375394316637,0,17.607033984264504
bestest_hydronic_heat_pump,zone_bias_negative,rc_supervisory_selector,control_discomfort_kh,12,1.7090908830053522,1.5365361399763959,0,4.1863842125556801
bestest_hydronic_heat_pump,zone_bias_negative,rc_supervisory_selector,control_energy_kwh,12,37.675598700325722,32.918366898641473,0,68.386926423123953
bestest_hydronic_heat_pump,zone_bias_negative,tuned_rule_based,operational_score,12,-0.039324053422761053,-0.048807029461592398,-0.12877922247751697,0.046336015694275007
bestest_hydronic_heat_pump,zone_bias_negative,tuned_rule_based,cost_tot,12,0.073975305877724634,0.065475208910908619,0,0.11880475764867035
bestest_hydronic_heat_pump,zone_bias_negative,tuned_rule_based,tdis_tot,12,1.8971724046722209,2.2394009580109393,0.14303030565056882,5.6154823931348874
bestest_hydronic_heat_pump,zone_bias_negative,tuned_rule_based,control_cost_proxy,12,8.000268837942599,7.9156067245077253,0,15.456188170282868
bestest_hydronic_heat_pump,zone_bias_negative,tuned_rule_based,control_discomfort_kh,12,1.8531109466406619,2.0679790916909155,0,5.5373418386411259
bestest_hydronic_heat_pump,zone_bias_negative,tuned_rule_based,control_energy_kwh,12,31.759606538264471,31.095070046453344,0,60.762874751169889
bestest_hydronic_heat_pump,zone_bias_positive,constant_zero,operational_score,12,0,0,0,0
bestest_hydronic_heat_pump,zone_bias_positive,constant_zero,cost_tot,12,0.09593082353408397,0.074950287879841718,0,0.13681106906245208
bestest_hydronic_heat_pump,zone_bias_positive,constant_zero,tdis_tot,12,1.0786171347283076,1.5226250329243625,0.14303030565056882,3.9515590712258191
bestest_hydronic_heat_pump,zone_bias_positive,constant_zero,control_cost_proxy,12,12.350201259135211,9.7873464898609583,0,19.222873838757
bestest_hydronic_heat_pump,zone_bias_positive,constant_zero,control_discomfort_kh,12,0.69000220711127014,1.2791314656744852,0,4.1863732272659036
bestest_hydronic_heat_pump,zone_bias_positive,constant_zero,control_energy_kwh,12,48.649636107264897,38.30886762608533,0,74.439277914793365
bestest_hydronic_heat_pump,zone_bias_positive,legacy_rssm,operational_score,12,-0.030749245084225958,-0.034154158346958667,-0.10689112426354423,0.030143770035265804
bestest_hydronic_heat_pump,zone_bias_positive,legacy_rssm,cost_tot,12,0.07435990434860458,0.064899878743445494,0,0.12814219471248969
bestest_hydronic_heat_pump,zone_bias_positive,legacy_rssm,tdis_tot,12,5.3235937127443531,6.2456885303991472,0.14303030565056882,21.610539460050191
bestest_hydronic_heat_pump,zone_bias_positive,legacy_rssm,control_cost_proxy,12,8.2322653039917757,7.8799688066945457,0,16.329382651597427
bestest_hydronic_heat_pump,zone_bias_positive,legacy_rssm,control_discomfort_kh,12,5.2627540390707708,6.106834268380819,0,21.754841348941042
bestest_hydronic_heat_pump,zone_bias_positive,legacy_rssm,control_energy_kwh,12,33.147152293626561,31.135075877056551,0,63.804944479395715
bestest_hydronic_heat_pump,zone_bias_positive,direct_h8_rssm,operational_score,12,-0.062907847708572148,-0.049097600408475849,-0.10024579470154223,0.0021598131148037754
bestest_hydronic_heat_pump,zone_bias_positive,direct_h8_rssm,cost_tot,12,0.080244624209861892,0.064289884222374694,0,0.11880475764867035
bestest_hydronic_heat_pump,zone_bias_positive,direct_h8_rssm,tdis_tot,12,2.7862437914275295,3.3976021204479516,0.14303030565056882,10.357160306029895
bestest_hydronic_heat_pump,zone_bias_positive,direct_h8_rssm,control_cost_proxy,12,9.26115940270879,7.7198165837337953,0,15.456188170282868
bestest_hydronic_heat_pump,zone_bias_positive,direct_h8_rssm,control_discomfort_kh,12,2.6087119438575925,3.2363931434482196,0,10.45515338622377
bestest_hydronic_heat_pump,zone_bias_positive,direct_h8_rssm,control_energy_kwh,12,36.900963532518659,30.527280061862303,0,60.184631180814009
bestest_hydronic_heat_pump,zone_bias_positive,deterministic_wm,operational_score,12,-0.062049403636977141,-0.051346393465484093,-0.11527880517159121,6.9641460709313208e-08
bestest_hydronic_heat_pump,zone_bias_positive,deterministic_wm,cost_tot,12,0.080244624209861892,0.064064540324869926,0,0.11880475764867035
bestest_hydronic_heat_pump,zone_bias_positive,deterministic_wm,tdis_tot,12,2.3486718343476998,3.1939712975333863,0.14303030565056882,11.155455186877754
bestest_hydronic_heat_pump,zone_bias_positive,deterministic_wm,control_cost_proxy,12,9.26115940270879,7.683902229282122,0,15.456188170282868
bestest_hydronic_heat_pump,zone_bias_positive,deterministic_wm,control_discomfort_kh,12,2.0432888643111582,3.032608390054071,0,10.992583681419802
bestest_hydronic_heat_pump,zone_bias_positive,deterministic_wm,control_energy_kwh,12,36.900963532518659,30.304148845603265,0,60.184631180814009
bestest_hydronic_heat_pump,zone_bias_positive,rc_supervisory_selector,operational_score,12,-0.026846914622730415,-0.0328282804015246,-0.081141447530485578,0
bestest_hydronic_heat_pump,zone_bias_positive,rc_supervisory_selector,cost_tot,12,0.076630381608535469,0.065923990411382333,0,0.12536452874526183
bestest_hydronic_heat_pump,zone_bias_positive,rc_supervisory_selector,tdis_tot,12,7.5494812710279682,6.0341599467332605,0.14303030565056882,11.148640971202072
bestest_hydronic_heat_pump,zone_bias_positive,rc_supervisory_selector,control_cost_proxy,12,8.6224445507626069,8.0619473222636007,0,16.702337566355432
bestest_hydronic_heat_pump,zone_bias_positive,rc_supervisory_selector,control_discomfort_kh,12,7.5513141566252884,5.8647746132385139,0,11.006930944470852
bestest_hydronic_heat_pump,zone_bias_positive,rc_supervisory_selector,control_energy_kwh,12,34.967057474748174,32.036415695867603,0,65.639894615797814
bestest_hydronic_heat_pump,zone_bias_positive,tuned_rule_based,operational_score,12,-0.040312524392318166,-0.033491089902349648,-0.13762105757761545,0.045967598108424768
bestest_hydronic_heat_pump,zone_bias_positive,tuned_rule_based,cost_tot,12,0.080244624209861892,0.06727470105485743,0,0.12814219471248969
bestest_hydronic_heat_pump,zone_bias_positive,tuned_rule_based,tdis_tot,12,4.184466951523504,3.7742157093355027,0.14303030565056882,7.2519158028900268
bestest_hydronic_heat_pump,zone_bias_positive,tuned_rule_based,control_cost_proxy,12,9.26115940270879,8.2915989645447254,0,17.284356818389572
bestest_hydronic_heat_pump,zone_bias_positive,tuned_rule_based,control_discomfort_kh,12,4.2136074429326484,3.6040368653184722,0,7.1725792888640996
bestest_hydronic_heat_pump,zone_bias_positive,tuned_rule_based,control_energy_kwh,12,36.900963532518659,32.781369539586741,0,67.324304540651482
bestest_hydronic_heat_pump,zone_drift_negative,constant_zero,operational_score,12,0,0,0,0
bestest_hydronic_heat_pump,zone_drift_negative,constant_zero,cost_tot,12,0.09593082353408397,0.074950287879841718,0,0.13681106906245208
bestest_hydronic_heat_pump,zone_drift_negative,constant_zero,tdis_tot,12,1.0786171347283076,1.5226250329243625,0.14303030565056882,3.9515590712258191
bestest_hydronic_heat_pump,zone_drift_negative,constant_zero,control_cost_proxy,12,12.350201259135211,9.7873464898609583,0,19.222873838757
bestest_hydronic_heat_pump,zone_drift_negative,constant_zero,control_discomfort_kh,12,0.69000220711127014,1.2791314656744852,0,4.1863732272659036
bestest_hydronic_heat_pump,zone_drift_negative,constant_zero,control_energy_kwh,12,48.649636107264897,38.30886762608533,0,74.439277914793365
bestest_hydronic_heat_pump,zone_drift_negative,legacy_rssm,operational_score,12,-0.045040732892191807,-0.042316739556052897,-0.1131357216522063,0.030143770035265804
bestest_hydronic_heat_pump,zone_drift_negative,legacy_rssm,cost_tot,12,0.070547113884004919,0.063355989935617973,0,0.12046609762166145
bestest_hydronic_heat_pump,zone_drift_negative,legacy_rssm,tdis_tot,12,3.950958619946328,6.2824070110376491,0.14303030565056882,21.610539460050191
bestest_hydronic_heat_pump,zone_drift_negative,legacy_rssm,control_cost_proxy,12,7.5402660502417485,7.5823205592009009,0,15.656701182951348
bestest_hydronic_heat_pump,zone_drift_negative,legacy_rssm,control_discomfort_kh,12,4.1766636036298834,6.1503084216362884,0,21.754841348941042
bestest_hydronic_heat_pump,zone_drift_negative,legacy_rssm,control_energy_kwh,12,30.43081795131123,30.050332709222307,0,60.894173352967208
bestest_hydronic_heat_pump,zone_drift_negative,direct_h8_rssm,operational_score,12,-0.058758954231131304,-0.04673701125050711,-0.11258865402939656,0.0021598131148037754
bestest_hydronic_heat_pump,zone_drift_negative,direct_h8_rssm,cost_tot,12,0.080244624209861892,0.064236168873494995,0,0.12493014881308133
bestest_hydronic_heat_pump,zone_drift_negative,direct_h8_rssm,tdis_tot,12,3.5463264393739098,4.0049411774974297,0.14303030565056882,10.357160306029895
bestest_hydronic_heat_pump,zone_drift_negative,direct_h8_rssm,control_cost_proxy,12,9.26115940270879,7.7090685084180892,0,15.678892266903151
bestest_hydronic_heat_pump,zone_drift_negative,direct_h8_rssm,control_discomfort_kh,12,3.3921840983498868,3.8445627825666406,0,10.45515338622377
bestest_hydronic_heat_pump,zone_drift_negative,direct_h8_rssm,control_energy_kwh,12,36.900963532518659,30.499270120309166,0,61.789191087482791
bestest_hydronic_heat_pump,zone_drift_negative,deterministic_wm,operational_score,12,-0.051994743780322247,-0.048383711860800059,-0.11619175479285279,0.057877038955582653
bestest_hydronic_heat_pump,zone_drift_negative,deterministic_wm,cost_tot,12,0.080796259885808339,0.065809656839372024,0,0.12189802850352736
bestest_hydronic_heat_pump,zone_drift_negative,deterministic_wm,tdis_tot,12,1.5828831741424236,1.7282722278930649,0.14303030565056882,3.9515537200111157
bestest_hydronic_heat_pump,zone_drift_negative,deterministic_wm,control_cost_proxy,12,9.3803578694587308,8.0088480119376388,0,15.456188170282868
bestest_hydronic_heat_pump,zone_drift_negative,deterministic_wm,control_discomfort_kh,12,1.6696590938091802,1.5603079140646987,0,4.1863675424314124
bestest_hydronic_heat_pump,zone_drift_negative,deterministic_wm,control_energy_kwh,12,37.375153265912957,31.619250748816128,0,60.184631180814009
bestest_hydronic_heat_pump,zone_drift_negative,rc_supervisory_selector,operational_score,12,-0.03739055857043673,-0.037012126341788236,-0.14769862112288656,0.03952944059087949
bestest_hydronic_heat_pump,zone_drift_negative,rc_supervisory_selector,cost_tot,12,0.082714729824449718,0.067939142302093108,0,0.12907597810892185
bestest_hydronic_heat_pump,zone_drift_negative,rc_supervisory_selector,tdis_tot,12,1.7663993120897257,1.7471520742757283,0.14303030565056882,3.9515707787676435
bestest_hydronic_heat_pump,zone_drift_negative,rc_supervisory_selector,control_cost_proxy,12,9.7059691149527119,8.4190253757435283,0,17.520759014362518
bestest_hydronic_heat_pump,zone_drift_negative,rc_supervisory_selector,control_discomfort_kh,12,1.7618392499577951,1.5734912592401702,0,4.1863856616106858
bestest_hydronic_heat_pump,zone_drift_negative,rc_supervisory_selector,control_energy_kwh,12,38.161495904652931,33.050257937909471,0,67.877490329446942
bestest_hydronic_heat_pump,zone_drift_negative,tuned_rule_based,operational_score,12,-0.039324053422761053,-0.048806946981355091,-0.12877922247751697,0.046336015694275007
bestest_hydronic_heat_pump,zone_drift_negative,tuned_rule_based,cost_tot,12,0.073975305877724634,0.065475217627042753,0,0.11880475764867035
bestest_hydronic_heat_pump,zone_drift_negative,tuned_rule_based,tdis_tot,12,1.8971724046722209,2.2394047891611319,0.14303030565056882,5.6154823931348874
bestest_hydronic_heat_pump,zone_drift_negative,tuned_rule_based,control_cost_proxy,12,8.000268837942599,7.915608245205898,0,15.456188170282868
bestest_hydronic_heat_pump,zone_drift_negative,tuned_rule_based,control_discomfort_kh,12,1.8531336805671685,2.0679828616379026,0,5.5373418386411259
bestest_hydronic_heat_pump,zone_drift_negative,tuned_rule_based,control_energy_kwh,12,31.759606538264471,31.0950757504975,0,60.762874751169889
bestest_hydronic_heat_pump,zone_drift_positive,constant_zero,operational_score,12,0,0,0,0
bestest_hydronic_heat_pump,zone_drift_positive,constant_zero,cost_tot,12,0.09593082353408397,0.074950287879841718,0,0.13681106906245208
bestest_hydronic_heat_pump,zone_drift_positive,constant_zero,tdis_tot,12,1.0786171347283076,1.5226250329243625,0.14303030565056882,3.9515590712258191
bestest_hydronic_heat_pump,zone_drift_positive,constant_zero,control_cost_proxy,12,12.350201259135211,9.7873464898609583,0,19.222873838757
bestest_hydronic_heat_pump,zone_drift_positive,constant_zero,control_discomfort_kh,12,0.69000220711127014,1.2791314656744852,0,4.1863732272659036
bestest_hydronic_heat_pump,zone_drift_positive,constant_zero,control_energy_kwh,12,48.649636107264897,38.30886762608533,0,74.439277914793365
bestest_hydronic_heat_pump,zone_drift_positive,legacy_rssm,operational_score,12,-0.030749245084225958,-0.034154158346958667,-0.10689112426354423,0.030143770035265804
bestest_hydronic_heat_pump,zone_drift_positive,legacy_rssm,cost_tot,12,0.07435990434860458,0.064899878743445494,0,0.12814219471248969
bestest_hydronic_heat_pump,zone_drift_positive,legacy_rssm,tdis_tot,12,5.3235937127443531,6.2456885303991472,0.14303030565056882,21.610539460050191
bestest_hydronic_heat_pump,zone_drift_positive,legacy_rssm,control_cost_proxy,12,8.2322653039917757,7.8799688066945457,0,16.329382651597427
bestest_hydronic_heat_pump,zone_drift_positive,legacy_rssm,control_discomfort_kh,12,5.2627540390707708,6.106834268380819,0,21.754841348941042
bestest_hydronic_heat_pump,zone_drift_positive,legacy_rssm,control_energy_kwh,12,33.147152293626561,31.135075877056551,0,63.804944479395715
bestest_hydronic_heat_pump,zone_drift_positive,direct_h8_rssm,operational_score,12,-0.062907847708572148,-0.049097600408475849,-0.10024579470154223,0.0021598131148037754
bestest_hydronic_heat_pump,zone_drift_positive,direct_h8_rssm,cost_tot,12,0.080244624209861892,0.064289884222374694,0,0.11880475764867035
bestest_hydronic_heat_pump,zone_drift_positive,direct_h8_rssm,tdis_tot,12,2.7862437914275295,3.3976021204479516,0.14303030565056882,10.357160306029895
bestest_hydronic_heat_pump,zone_drift_positive,direct_h8_rssm,control_cost_proxy,12,9.26115940270879,7.7198165837337953,0,15.456188170282868
bestest_hydronic_heat_pump,zone_drift_positive,direct_h8_rssm,control_discomfort_kh,12,2.6087119438575925,3.2363931434482196,0,10.45515338622377
bestest_hydronic_heat_pump,zone_drift_positive,direct_h8_rssm,control_energy_kwh,12,36.900963532518659,30.527280061862303,0,60.184631180814009
bestest_hydronic_heat_pump,zone_drift_positive,deterministic_wm,operational_score,12,-0.055648644178981174,-0.055008299087619533,-0.12877922247751697,6.1142886061778151e-10
bestest_hydronic_heat_pump,zone_drift_positive,deterministic_wm,cost_tot,12,0.078518857344839377,0.063776912514032849,0,0.11880475764867035
bestest_hydronic_heat_pump,zone_drift_positive,deterministic_wm,tdis_tot,12,2.0694906163265951,2.6473640847842352,0.14303030565056882,11.155455186877754
bestest_hydronic_heat_pump,zone_drift_positive,deterministic_wm,control_cost_proxy,12,8.8869912591067255,7.6215408720151112,0,15.456188170282868
bestest_hydronic_heat_pump,zone_drift_positive,deterministic_wm,control_discomfort_kh,12,1.8441192285967603,2.484662570808696,0,10.992583681419802
bestest_hydronic_heat_pump,zone_drift_positive,deterministic_wm,control_energy_kwh,12,35.30695305941876,30.038480433419949,0,60.184631180814009
bestest_hydronic_heat_pump,zone_drift_positive,rc_supervisory_selector,operational_score,12,-0.026846914622730415,-0.032828265049310974,-0.081141447530485578,3.4541838944690539e-08
bestest_hydronic_heat_pump,zone_drift_positive,rc_supervisory_selector,cost_tot,12,0.076630381608535469,0.065923990411382333,0,0.12536452874526183
bestest_hydronic_heat_pump,zone_drift_positive,rc_supervisory_selector,tdis_tot,12,7.5494812710279682,6.0341616047723319,0.14303030565056882,11.148640971202072
bestest_hydronic_heat_pump,zone_drift_positive,rc_supervisory_selector,control_cost_proxy,12,8.6224445507626069,8.0619473222636007,0,16.702337566355432
bestest_hydronic_heat_pump,zone_drift_positive,rc_supervisory_selector,control_discomfort_kh,12,7.5513141566252884,5.8647762003511881,0,11.006930944470852
bestest_hydronic_heat_pump,zone_drift_positive,rc_supervisory_selector,control_energy_kwh,12,34.967057474748174,32.036415695867603,0,65.639894615797814
bestest_hydronic_heat_pump,zone_drift_positive,tuned_rule_based,operational_score,12,-0.040312524392318166,-0.033491089902349648,-0.13762105757761545,0.045967598108424768
bestest_hydronic_heat_pump,zone_drift_positive,tuned_rule_based,cost_tot,12,0.080244624209861892,0.06727470105485743,0,0.12814219471248969
bestest_hydronic_heat_pump,zone_drift_positive,tuned_rule_based,tdis_tot,12,4.184466951523504,3.7742157093355027,0.14303030565056882,7.2519158028900268
bestest_hydronic_heat_pump,zone_drift_positive,tuned_rule_based,control_cost_proxy,12,9.26115940270879,8.2915989645447254,0,17.284356818389572
bestest_hydronic_heat_pump,zone_drift_positive,tuned_rule_based,control_discomfort_kh,12,4.2136074429326484,3.6040368653184722,0,7.1725792888640996
bestest_hydronic_heat_pump,zone_drift_positive,tuned_rule_based,control_energy_kwh,12,36.900963532518659,32.781369539586741,0,67.324304540651482
bestest_hydronic_heat_pump,zone_stuck,constant_zero,operational_score,12,0,0,0,0
bestest_hydronic_heat_pump,zone_stuck,constant_zero,cost_tot,12,0.09593082353408397,0.074950287879841718,0,0.13681106906245208
bestest_hydronic_heat_pump,zone_stuck,constant_zero,tdis_tot,12,1.0786171347283076,1.5226250329243625,0.14303030565056882,3.9515590712258191
bestest_hydronic_heat_pump,zone_stuck,constant_zero,control_cost_proxy,12,12.350201259135211,9.7873464898609583,0,19.222873838757
bestest_hydronic_heat_pump,zone_stuck,constant_zero,control_discomfort_kh,12,0.69000220711127014,1.2791314656744852,0,4.1863732272659036
bestest_hydronic_heat_pump,zone_stuck,constant_zero,control_energy_kwh,12,48.649636107264897,38.30886762608533,0,74.439277914793365
bestest_hydronic_heat_pump,zone_stuck,legacy_rssm,operational_score,12,-0.030749245084225958,-0.034154158346958667,-0.10689112426354423,0.030143770035265804
bestest_hydronic_heat_pump,zone_stuck,legacy_rssm,cost_tot,12,0.07435990434860458,0.064899878743445494,0,0.12814219471248969
bestest_hydronic_heat_pump,zone_stuck,legacy_rssm,tdis_tot,12,5.3235937127443531,6.2456885303991472,0.14303030565056882,21.610539460050191
bestest_hydronic_heat_pump,zone_stuck,legacy_rssm,control_cost_proxy,12,8.2322653039917757,7.8799688066945457,0,16.329382651597427
bestest_hydronic_heat_pump,zone_stuck,legacy_rssm,control_discomfort_kh,12,5.2627540390707708,6.106834268380819,0,21.754841348941042
bestest_hydronic_heat_pump,zone_stuck,legacy_rssm,control_energy_kwh,12,33.147152293626561,31.135075877056551,0,63.804944479395715
bestest_hydronic_heat_pump,zone_stuck,direct_h8_rssm,operational_score,12,-0.062907847708572148,-0.049097600408475849,-0.10024579470154223,0.0021598131148037754
bestest_hydronic_heat_pump,zone_stuck,direct_h8_rssm,cost_tot,12,0.080244624209861892,0.064289884222374694,0,0.11880475764867035
bestest_hydronic_heat_pump,zone_stuck,direct_h8_rssm,tdis_tot,12,2.7862437914275295,3.3976021204479516,0.14303030565056882,10.357160306029895
bestest_hydronic_heat_pump,zone_stuck,direct_h8_rssm,control_cost_proxy,12,9.26115940270879,7.7198165837337953,0,15.456188170282868
bestest_hydronic_heat_pump,zone_stuck,direct_h8_rssm,control_discomfort_kh,12,2.6087119438575925,3.2363931434482196,0,10.45515338622377
bestest_hydronic_heat_pump,zone_stuck,direct_h8_rssm,control_energy_kwh,12,36.900963532518659,30.527280061862303,0,60.184631180814009
bestest_hydronic_heat_pump,zone_stuck,deterministic_wm,operational_score,12,-0.055648644178981174,-0.049739769850775765,-0.12877922247751697,0.058093589754164093
bestest_hydronic_heat_pump,zone_stuck,deterministic_wm,cost_tot,12,0.078518857344839377,0.065451174099814324,0,0.11880475764867035
bestest_hydronic_heat_pump,zone_stuck,deterministic_wm,tdis_tot,12,1.8971724046722209,1.8674765673432754,0.14303030565056882,3.9515537200111157
bestest_hydronic_heat_pump,zone_stuck,deterministic_wm,control_cost_proxy,12,8.8869912591067255,7.9305265164195591,0,15.456188170282868
bestest_hydronic_heat_pump,zone_stuck,deterministic_wm,control_discomfort_kh,12,1.8441192285967603,1.7001886759355334,0,4.1863675424314124
bestest_hydronic_heat_pump,zone_stuck,deterministic_wm,control_energy_kwh,12,35.30695305941876,31.288011561887775,0,60.184631180814009
bestest_hydronic_heat_pump,zone_stuck,rc_supervisory_selector,operational_score,12,-0.051223676849217012,-0.054444918893467253,-0.14769862112288656,1.0623491201611025e-09
bestest_hydronic_heat_pump,zone_stuck,rc_supervisory_selector,cost_tot,12,0.077316690466937094,0.064272059233184839,0,0.11880475764867035
bestest_hydronic_heat_pump,zone_stuck,rc_supervisory_selector,tdis_tot,12,1.8971724046722209,2.5476314542703777,0.14303030565056882,11.148640971202072
bestest_hydronic_heat_pump,zone_stuck,rc_supervisory_selector,control_cost_proxy,12,8.6041480451452088,7.6992685657477411,0,15.456188170282868
bestest_hydronic_heat_pump,zone_stuck,rc_supervisory_selector,control_discomfort_kh,12,1.7833009917774447,2.3760403377564963,0,10.78124404239891
bestest_hydronic_heat_pump,zone_stuck,rc_supervisory_selector,control_energy_kwh,12,34.112224212709833,30.24325242564143,0,60.184631180814009
bestest_hydronic_heat_pump,zone_stuck,tuned_rule_based,operational_score,12,-0.039324053422761053,-0.048346522640295313,-0.12877922247751697,0.045967598108424768
bestest_hydronic_heat_pump,zone_stuck,tuned_rule_based,cost_tot,12,0.073975305877724634,0.06550649139408575,0,0.11880475764867035
bestest_hydronic_heat_pump,zone_stuck,tuned_rule_based,tdis_tot,12,1.8971724046722209,2.3428315344275381,0.14303030565056882,6.4287794217678558
bestest_hydronic_heat_pump,zone_stuck,tuned_rule_based,control_cost_proxy,12,8.000268837942599,7.9290514395100891,0,15.456188170282868
bestest_hydronic_heat_pump,zone_stuck,tuned_rule_based,control_discomfort_kh,12,1.8531336805671685,2.174477902450255,0,6.1158828814451596
bestest_hydronic_heat_pump,zone_stuck,tuned_rule_based,control_energy_kwh,12,31.759606538264471,31.234763064819489,0,60.762874751169889
twozone_apartment_hydronic,clean,constant_zero,operational_score,12,0,0,0,0
twozone_apartment_hydronic,clean,constant_zero,cost_tot,12,0.026229101756282111,0.031570117159641843,-9.578709433920265e-36,0.10043029597427726
twozone_apartment_hydronic,clean,constant_zero,tdis_tot,12,10.992349811922193,27.072644376864471,1.7205103116029123,85.265385740098324
twozone_apartment_hydronic,clean,constant_zero,control_cost_proxy,12,0.43630226511755199,0.79044982518896745,0,2.7356140089417438
twozone_apartment_hydronic,clean,constant_zero,control_discomfort_kh,12,9.2178673020656561,24.822637091087518,0,80.509510250729903
twozone_apartment_hydronic,clean,constant_zero,control_energy_kwh,12,2.0926090191701463,4.0064653791090947,0,13.629913925677993
twozone_apartment_hydronic,clean,legacy_rssm,operational_score,12,-0.025362126471506381,-0.019099526356981863,-0.12456946082345774,0.13969699772766209
twozone_apartment_hydronic,clean,legacy_rssm,cost_tot,12,0.027981846616231508,0.036085127813432781,-8.8813008068261648e-36,0.10504635382747102
twozone_apartment_hydronic,clean,legacy_rssm,tdis_tot,12,7.4790567842280931,15.911302635696503,1.7205103116029123,59.354937888819116
twozone_apartment_hydronic,clean,legacy_rssm,control_cost_proxy,12,0.49970803483066623,0.99093965974460974,0,2.9813040036861356
twozone_apartment_hydronic,clean,legacy_rssm,control_discomfort_kh,12,4.328134342346722,13.606766490071223,0,54.52439691098779
twozone_apartment_hydronic,clean,legacy_rssm,control_energy_kwh,12,2.6300422885824539,5.0268105613187162,0,15.13320401327455
twozone_apartment_hydronic,clean,direct_h8_rssm,operational_score,12,-0.0003384414264923862,0.02108440660435261,-0.067275345646104601,0.13262199257706583
twozone_apartment_hydronic,clean,direct_h8_rssm,cost_tot,12,0.026879346512393744,0.035965456632330993,-8.8793847529954274e-37,0.11768444054442942
twozone_apartment_hydronic,clean,direct_h8_rssm,tdis_tot,12,15.118108843433987,25.088129565715146,1.7205103116029123,76.494828621455142
twozone_apartment_hydronic,clean,direct_h8_rssm,control_cost_proxy,12,0.44772911198250637,0.99599010479710604,0,3.6110549747576313
twozone_apartment_hydronic,clean,direct_h8_rssm,control_discomfort_kh,12,12.11803635325068,22.845527146478602,0,71.708602500025449
twozone_apartment_hydronic,clean,direct_h8_rssm,control_energy_kwh,12,2.3564690104342438,5.0249044776204812,0,18.372549851178121
twozone_apartment_hydronic,clean,deterministic_wm,operational_score,12,-0.0055211755670364748,-0.027896440792119909,-0.14101547484054894,0.072612833090246715
twozone_apartment_hydronic,clean,deterministic_wm,cost_tot,12,0.035035113104421423,0.03559504474781066,-8.5450658249408978e-36,0.10504635382747102
twozone_apartment_hydronic,clean,deterministic_wm,tdis_tot,12,4.7027411269474602,14.676572436993119,0.94123711895031259,55.934166973264148
twozone_apartment_hydronic,clean,deterministic_wm,control_cost_proxy,12,0.86023418009164421,0.9902337201564988,0,2.9813040036861356
twozone_apartment_hydronic,clean,deterministic_wm,control_discomfort_kh,12,2.2339629438756106,12.356836611901974,0,51.028089062093841
twozone_apartment_hydronic,clean,deterministic_wm,control_energy_kwh,12,4.3642432369103421,5.0162683775459591,0,14.332841093304067
twozone_apartment_hydronic,clean,rc_supervisory_selector,operational_score,12,0.067054836050626149,0.013960880018835151,-0.15018382758966234,0.1254440874731349
twozone_apartment_hydronic,clean,rc_supervisory_selector,cost_tot,12,0.04067850318222524,0.041024978842753919,-6.2358983400020013e-36,0.10504635382747102
twozone_apartment_hydronic,clean,rc_supervisory_selector,tdis_tot,12,8.0266907355200132,15.866197663502952,1.7205103116029123,54.027149601448556
twozone_apartment_hydronic,clean,rc_supervisory_selector,control_cost_proxy,12,1.0476397818383894,1.2089727129524954,0,2.9813040036861356
twozone_apartment_hydronic,clean,rc_supervisory_selector,control_discomfort_kh,12,6.2811417019481581,13.570060083096962,0,49.111760436433428
twozone_apartment_hydronic,clean,rc_supervisory_selector,control_energy_kwh,12,5.5138935886231009,6.1430684207030097,0,15.13320401327455
twozone_apartment_hydronic,clean,tuned_rule_based,operational_score,12,0.037828864561980952,0.011024174130195125,-0.10576573919397327,0.13486813323119304
twozone_apartment_hydronic,clean,tuned_rule_based,cost_tot,12,0.038229049058672963,0.039543434079956273,-1.1618382939223102e-35,0.12255503702725855
twozone_apartment_hydronic,clean,tuned_rule_based,tdis_tot,12,6.253123507645582,17.47592587914578,0.94123711895031259,63.266111987751884
twozone_apartment_hydronic,clean,tuned_rule_based,control_cost_proxy,12,0.90225606356433441,1.1371299018963343,0,3.6873975764258189
twozone_apartment_hydronic,clean,tuned_rule_based,control_discomfort_kh,12,4.1364178000220519,15.211144017586543,0,58.431265620248666
twozone_apartment_hydronic,clean,tuned_rule_based,control_energy_kwh,12,4.3863000824946834,5.7208786280614818,0,18.773831503017135
twozone_apartment_hydronic,zone_bias_negative,constant_zero,operational_score,12,0,0,0,0
twozone_apartment_hydronic,zone_bias_negative,constant_zero,cost_tot,12,0.026229101756282111,0.031570117159641843,-9.578709433920265e-36,0.10043029597427726
twozone_apartment_hydronic,zone_bias_negative,constant_zero,tdis_tot,12,10.992349811922193,27.072644376864471,1.7205103116029123,85.265385740098324
twozone_apartment_hydronic,zone_bias_negative,constant_zero,control_cost_proxy,12,0.43630226511755199,0.79044982518896745,0,2.7356140089417438
twozone_apartment_hydronic,zone_bias_negative,constant_zero,control_discomfort_kh,12,9.2178673020656561,24.822637091087518,0,80.509510250729903
twozone_apartment_hydronic,zone_bias_negative,constant_zero,control_energy_kwh,12,2.0926090191701463,4.0064653791090947,0,13.629913925677993
twozone_apartment_hydronic,zone_bias_negative,legacy_rssm,operational_score,12,-0.028478777714423947,-0.019419614488731248,-0.12583185052435333,0.15056435362820281
twozone_apartment_hydronic,zone_bias_negative,legacy_rssm,cost_tot,12,0.027571169096018547,0.036110132744091125,-8.8813008068261648e-36,0.10504635382747102
twozone_apartment_hydronic,zone_bias_negative,legacy_rssm,tdis_tot,12,6.6736533534124192,15.818579600614735,1.7205103116029123,59.354937888819116
twozone_apartment_hydronic,zone_bias_negative,legacy_rssm,control_cost_proxy,12,0.46545672110819203,0.97432075304997012,0,2.9813040036861356
twozone_apartment_hydronic,zone_bias_negative,legacy_rssm,control_discomfort_kh,12,4.3867916601678161,13.51820618454566,0,54.52439691098779
twozone_apartment_hydronic,zone_bias_negative,legacy_rssm,control_energy_kwh,12,2.4497722163589053,4.9663353582378402,0,15.140853730018931
twozone_apartment_hydronic,zone_bias_negative,direct_h8_rssm,operational_score,12,-0.0003384414264923862,0.014954497332048608,-0.068278363039642909,0.12186407017247843
twozone_apartment_hydronic,zone_bias_negative,direct_h8_rssm,cost_tot,12,0.026879346512393744,0.035770146405206697,-3.9036476096546776e-36,0.11534071781893787
twozone_apartment_hydronic,zone_bias_negative,direct_h8_rssm,tdis_tot,12,15.118108843433987,24.023676076332006,1.7205103116029123,72.301776932297344
twozone_apartment_hydronic,zone_bias_negative,direct_h8_rssm,control_cost_proxy,12,0.44772911198250637,0.97604719880353485,0,3.3717401028347767
twozone_apartment_hydronic,zone_bias_negative,direct_h8_rssm,control_discomfort_kh,12,12.102490720155018,21.785105176188935,0,67.510767185363946
twozone_apartment_hydronic,zone_bias_negative,direct_h8_rssm,control_energy_kwh,12,2.3564690104342438,4.9014446592983694,0,16.891032031312768
twozone_apartment_hydronic,zone_bias_negative,deterministic_wm,operational_score,12,-0.016616447980911459,-0.023051877644183285,-0.119622442778171,0.098105880081456279
twozone_apartment_hydronic,zone_bias_negative,deterministic_wm,cost_tot,12,0.033536288218005257,0.035657165007791515,-1.1622364610624609e-35,0.10504635382747102
twozone_apartment_hydronic,zone_bias_negative,deterministic_wm,tdis_tot,12,4.1422773277158509,15.728622772413326,0.94123711895031259,60.383917642238757
twozone_apartment_hydronic,zone_bias_negative,deterministic_wm,control_cost_proxy,12,0.69674626293432018,0.98286950072407109,0,2.9813040036861356
twozone_apartment_hydronic,zone_bias_negative,deterministic_wm,control_discomfort_kh,12,2.1409824240004127,13.399441471616351,0,55.458452135312356
twozone_apartment_hydronic,zone_bias_negative,deterministic_wm,control_energy_kwh,12,3.5674304113034676,4.9879638572739742,0,14.332841093304067
twozone_apartment_hydronic,zone_bias_negative,rc_supervisory_selector,operational_score,12,-0.041332705883980705,-0.019630690327489,-0.15760968541044379,0.12186407017247843
twozone_apartment_hydronic,zone_bias_negative,rc_supervisory_selector,cost_tot,12,0.028526180933350638,0.037279424108588387,-1.6957190553127058e-36,0.1177837247263579
twozone_apartment_hydronic,zone_bias_negative,rc_supervisory_selector,tdis_tot,12,4.5009042622635995,14.204875254080754,0.62509816350265035,52.482571174726019
twozone_apartment_hydronic,zone_bias_negative,rc_supervisory_selector,control_cost_proxy,12,0.41596956589962619,1.0471594099017438,0,3.5326680978571368
twozone_apartment_hydronic,zone_bias_negative,rc_supervisory_selector,control_discomfort_kh,12,1.8162138007273896,11.891219729594161,0,47.544994820454818
twozone_apartment_hydronic,zone_bias_negative,rc_supervisory_selector,control_energy_kwh,12,2.1893135047348746,5.3086101841642295,0,17.699892364783466
twozone_apartment_hydronic,zone_bias_negative,tuned_rule_based,operational_score,12,0.037828864561980952,0.011024174130195125,-0.10576573919397327,0.13486813323119304
twozone_apartment_hydronic,zone_bias_negative,tuned_rule_based,cost_tot,12,0.038229049058672963,0.039543434079956273,-1.1618382939223102e-35,0.12255503702725855
twozone_apartment_hydronic,zone_bias_negative,tuned_rule_based,tdis_tot,12,6.253123507645582,17.47592587914578,0.94123711895031259,63.266111987751884
twozone_apartment_hydronic,zone_bias_negative,tuned_rule_based,control_cost_proxy,12,0.90225606356433441,1.1371299018963343,0,3.6873975764258189
twozone_apartment_hydronic,zone_bias_negative,tuned_rule_based,control_discomfort_kh,12,4.1364178000220519,15.211144017586543,0,58.431265620248666
twozone_apartment_hydronic,zone_bias_negative,tuned_rule_based,control_energy_kwh,12,4.3863000824946834,5.7208786280614818,0,18.773831503017135
twozone_apartment_hydronic,zone_bias_positive,constant_zero,operational_score,12,0,0,0,0
twozone_apartment_hydronic,zone_bias_positive,constant_zero,cost_tot,12,0.026229101756282111,0.031570117159641843,-9.578709433920265e-36,0.10043029597427726
twozone_apartment_hydronic,zone_bias_positive,constant_zero,tdis_tot,12,10.992349811922193,27.072644376864471,1.7205103116029123,85.265385740098324
twozone_apartment_hydronic,zone_bias_positive,constant_zero,control_cost_proxy,12,0.43630226511755199,0.79044982518896745,0,2.7356140089417438
twozone_apartment_hydronic,zone_bias_positive,constant_zero,control_discomfort_kh,12,9.2178673020656561,24.822637091087518,0,80.509510250729903
twozone_apartment_hydronic,zone_bias_positive,constant_zero,control_energy_kwh,12,2.0926090191701463,4.0064653791090947,0,13.629913925677993
twozone_apartment_hydronic,zone_bias_positive,legacy_rssm,operational_score,12,-0.013690347782723235,-0.013302404067540305,-0.12456946082345774,0.13969699772766209
twozone_apartment_hydronic,zone_bias_positive,legacy_rssm,cost_tot,12,0.028530078798850778,0.036264627916973699,-8.8813008068261648e-36,0.10504635382747102
twozone_apartment_hydronic,zone_bias_positive,legacy_rssm,tdis_tot,12,11.74942817092024,16.86593675581214,1.7205103116029123,59.354937888819116
twozone_apartment_hydronic,zone_bias_positive,legacy_rssm,control_cost_proxy,12,0.50405431317209737,0.99495626122615233,0,2.9813040036861356
twozone_apartment_hydronic,zone_bias_positive,legacy_rssm,control_discomfort_kh,12,8.177385870413282,14.581478901431003,0,54.52439691098779
twozone_apartment_hydronic,zone_bias_positive,legacy_rssm,control_energy_kwh,12,2.6529174377478806,5.0684036765821876,0,15.13320401327455
twozone_apartment_hydronic,zone_bias_positive,direct_h8_rssm,operational_score,12,-0.0003384414264923862,0.023706275813194583,-0.042166139993476841,0.13262199257706583
twozone_apartment_hydronic,zone_bias_positive,direct_h8_rssm,cost_tot,12,0.026879346512393744,0.035965456632330993,-8.8793847529954274e-37,0.11768444054442942
twozone_apartment_hydronic,zone_bias_positive,direct_h8_rssm,tdis_tot,12,15.118108843433987,25.633478361154275,1.7205103116029123,76.494828621455142
twozone_apartment_hydronic,zone_bias_positive,direct_h8_rssm,control_cost_proxy,12,0.44772911198250637,0.99599010479710604,0,3.6110549747576313
twozone_apartment_hydronic,zone_bias_positive,direct_h8_rssm,control_discomfort_kh,12,12.11803635325068,23.391050689784805,0,71.708602500025449
twozone_apartment_hydronic,zone_bias_positive,direct_h8_rssm,control_energy_kwh,12,2.3564690104342438,5.0249044776204812,0,18.372549851178121
twozone_apartment_hydronic,zone_bias_positive,deterministic_wm,operational_score,12,-0.01826256346055196,-0.028034858493092858,-0.14861172747611956,0.12016541171400688
twozone_apartment_hydronic,zone_bias_positive,deterministic_wm,cost_tot,12,0.031572411177216153,0.035774205329314912,-8.5496628488721264e-36,0.11985628323704517
twozone_apartment_hydronic,zone_bias_positive,deterministic_wm,tdis_tot,12,4.6678608022088603,14.35948409233422,0.94429408936946491,54.354146425065458
twozone_apartment_hydronic,zone_bias_positive,deterministic_wm,control_cost_proxy,12,0.68059627776684817,0.98540859457393803,0,3.6382372003031667
twozone_apartment_hydronic,zone_bias_positive,deterministic_wm,control_discomfort_kh,12,2.572596710423845,12.053175527310799,0,49.431092245395718
twozone_apartment_hydronic,zone_bias_positive,deterministic_wm,control_energy_kwh,12,3.4824304812250904,5.0513652964402747,0,18.515393700430511
twozone_apartment_hydronic,zone_bias_positive,rc_supervisory_selector,operational_score,12,0.060815127277373995,0.019104962969563478,-0.15760968541044379,0.15677472201692189
twozone_apartment_hydronic,zone_bias_positive,rc_supervisory_selector,cost_tot,12,0.039281505239394013,0.041175074476839366,-1.3790370637862868e-35,0.12286481386679561
twozone_apartment_hydronic,zone_bias_positive,rc_supervisory_selector,tdis_tot,12,10.29857590500707,16.71397567658914,1.7205103116029123,52.482571174726019
twozone_apartment_hydronic,zone_bias_positive,rc_supervisory_selector,control_cost_proxy,12,0.88302981825966154,1.2031847056699696,0,3.7103961192983959
twozone_apartment_hydronic,zone_bias_positive,rc_supervisory_selector,control_discomfort_kh,12,7.4004074443061683,14.445752359417929,0,47.544994820454818
twozone_apartment_hydronic,zone_bias_positive,rc_supervisory_selector,control_energy_kwh,12,4.6475253592613761,6.167165465842726,0,18.895397980340036
twozone_apartment_hydronic,zone_bias_positive,tuned_rule_based,operational_score,12,0.01515085983908444,0.0038445763698124434,-0.10576573919397327,0.13486813323119304
twozone_apartment_hydronic,zone_bias_positive,tuned_rule_based,cost_tot,12,0.036848904778053714,0.038641401478955978,-1.1618382939223102e-35,0.12255503702725855
twozone_apartment_hydronic,zone_bias_positive,tuned_rule_based,tdis_tot,12,4.4985741013806049,17.244747688330012,0.94123711895031259,63.266111987751884
twozone_apartment_hydronic,zone_bias_positive,tuned_rule_based,control_cost_proxy,12,0.82983284747022856,1.1117506811803599,0,3.6873975764258189
twozone_apartment_hydronic,zone_bias_positive,tuned_rule_based,control_discomfort_kh,12,2.4128050424509127,14.99633907721222,0,58.431265620248666
twozone_apartment_hydronic,zone_bias_positive,tuned_rule_based,control_energy_kwh,12,4.2288777082767988,5.6728714222159118,0,18.773831503017135
twozone_apartment_hydronic,zone_drift_negative,constant_zero,operational_score,12,0,0,0,0
twozone_apartment_hydronic,zone_drift_negative,constant_zero,cost_tot,12,0.026229101756282111,0.031570117159641843,-9.578709433920265e-36,0.10043029597427726
twozone_apartment_hydronic,zone_drift_negative,constant_zero,tdis_tot,12,10.992349811922193,27.072644376864471,1.7205103116029123,85.265385740098324
twozone_apartment_hydronic,zone_drift_negative,constant_zero,control_cost_proxy,12,0.43630226511755199,0.79044982518896745,0,2.7356140089417438
twozone_apartment_hydronic,zone_drift_negative,constant_zero,control_discomfort_kh,12,9.2178673020656561,24.822637091087518,0,80.509510250729903
twozone_apartment_hydronic,zone_drift_negative,constant_zero,control_energy_kwh,12,2.0926090191701463,4.0064653791090947,0,13.629913925677993
twozone_apartment_hydronic,zone_drift_negative,legacy_rssm,operational_score,12,-0.028478777714423947,-0.018943699546112927,-0.12583185052435333,0.15056435362820281
twozone_apartment_hydronic,zone_drift_negative,legacy_rssm,cost_tot,12,0.027571169096018547,0.036180877500311341,-8.8813008068261648e-36,0.10504635382747102
twozone_apartment_hydronic,zone_drift_negative,legacy_rssm,tdis_tot,12,6.6736533534124192,15.818579600614735,1.7205103116029123,59.354937888819116
twozone_apartment_hydronic,zone_drift_negative,legacy_rssm,control_cost_proxy,12,0.46545672110819203,0.98022360986337687,0,2.9813040036861356
twozone_apartment_hydronic,zone_drift_negative,legacy_rssm,control_discomfort_kh,12,4.3867916601678161,13.51820618454566,0,54.52439691098779
twozone_apartment_hydronic,zone_drift_negative,legacy_rssm,control_energy_kwh,12,2.4497722163589053,4.9974030256768236,0,15.140853730018931
twozone_apartment_hydronic,zone_drift_negative,direct_h8_rssm,operational_score,12,-0.0003384414264923862,0.018653220080924668,-0.067275345646104601,0.13262199257706583
twozone_apartment_hydronic,zone_drift_negative,direct_h8_rssm,cost_tot,12,0.026879346512393744,0.035965456632330993,-1.1750540467994619e-35,0.11768444054442942
twozone_apartment_hydronic,zone_drift_negative,direct_h8_rssm,tdis_tot,12,15.118108843433987,24.522340529312689,1.7205103116029123,72.301776932297344
twozone_apartment_hydronic,zone_drift_negative,direct_h8_rssm,control_cost_proxy,12,0.44772911198250637,0.99599010479710604,0,3.6110549747576313
twozone_apartment_hydronic,zone_drift_negative,direct_h8_rssm,control_discomfort_kh,12,12.11803635325068,22.280610554623376,0,67.510767185363946
twozone_apartment_hydronic,zone_drift_negative,direct_h8_rssm,control_energy_kwh,12,2.3564690104342438,5.0249044776204812,0,18.372549851178121
twozone_apartment_hydronic,zone_drift_negative,deterministic_wm,operational_score,12,-0.028782615613346343,-0.030328295153205426,-0.14101547484054894,0.072612833090246715
twozone_apartment_hydronic,zone_drift_negative,deterministic_wm,cost_tot,12,0.033536288218005257,0.03504758536412507,-1.1622364610624609e-35,0.10504635382747102
twozone_apartment_hydronic,zone_drift_negative,deterministic_wm,tdis_tot,12,4.0782000708685118,15.041257353851195,0.94123711895031259,55.934166973264148
twozone_apartment_hydronic,zone_drift_negative,deterministic_wm,control_cost_proxy,12,0.69674626293432018,0.96298573396361142,0,2.9813040036861356
twozone_apartment_hydronic,zone_drift_negative,deterministic_wm,control_discomfort_kh,12,2.1409824240004127,12.71926208438253,0,51.028089062093841
twozone_apartment_hydronic,zone_drift_negative,deterministic_wm,control_energy_kwh,12,3.5674304113034676,4.8834662399448137,0,14.332841093304067
twozone_apartment_hydronic,zone_drift_negative,rc_supervisory_selector,operational_score,12,-0.0083479185254671448,-0.015667324892021921,-0.1411352603670015,0.12186407017247843
twozone_apartment_hydronic,zone_drift_negative,rc_supervisory_selector,cost_tot,12,0.03289454054766288,0.037356995300498679,-2.0139900929928935e-35,0.1177837247263579
twozone_apartment_hydronic,zone_drift_negative,rc_supervisory_selector,tdis_tot,12,4.5009042622635995,14.927825100835753,0.62509816350265035,56.455429880545466
twozone_apartment_hydronic,zone_drift_negative,rc_supervisory_selector,control_cost_proxy,12,0.62992906816251304,1.048721769375893,0,3.5326680978571368
twozone_apartment_hydronic,zone_drift_negative,rc_supervisory_selector,control_discomfort_kh,12,2.2963896074376962,12.624364118980376,0,51.533983104557606
twozone_apartment_hydronic,zone_drift_negative,rc_supervisory_selector,control_energy_kwh,12,3.2798271264331529,5.2939885566168412,0,17.699892364783466
twozone_apartment_hydronic,zone_drift_negative,tuned_rule_based,operational_score,12,0.037828864561980952,0.011024174130195125,-0.10576573919397327,0.13486813323119304
twozone_apartment_hydronic,zone_drift_negative,tuned_rule_based,cost_tot,12,0.038229049058672963,0.039543434079956273,-1.1618382939223102e-35,0.12255503702725855
twozone_apartment_hydronic,zone_drift_negative,tuned_rule_based,tdis_tot,12,6.253123507645582,17.47592587914578,0.94123711895031259,63.266111987751884
twozone_apartment_hydronic,zone_drift_negative,tuned_rule_based,control_cost_proxy,12,0.90225606356433441,1.1371299018963343,0,3.6873975764258189
twozone_apartment_hydronic,zone_drift_negative,tuned_rule_based,control_discomfort_kh,12,4.1364178000220519,15.211144017586543,0,58.431265620248666
twozone_apartment_hydronic,zone_drift_negative,tuned_rule_based,control_energy_kwh,12,4.3863000824946834,5.7208786280614818,0,18.773831503017135
twozone_apartment_hydronic,zone_drift_positive,constant_zero,operational_score,12,0,0,0,0
twozone_apartment_hydronic,zone_drift_positive,constant_zero,cost_tot,12,0.026229101756282111,0.031570117159641843,-9.578709433920265e-36,0.10043029597427726
twozone_apartment_hydronic,zone_drift_positive,constant_zero,tdis_tot,12,10.992349811922193,27.072644376864471,1.7205103116029123,85.265385740098324
twozone_apartment_hydronic,zone_drift_positive,constant_zero,control_cost_proxy,12,0.43630226511755199,0.79044982518896745,0,2.7356140089417438
twozone_apartment_hydronic,zone_drift_positive,constant_zero,control_discomfort_kh,12,9.2178673020656561,24.822637091087518,0,80.509510250729903
twozone_apartment_hydronic,zone_drift_positive,constant_zero,control_energy_kwh,12,2.0926090191701463,4.0064653791090947,0,13.629913925677993
twozone_apartment_hydronic,zone_drift_positive,legacy_rssm,operational_score,12,-0.013690347782723235,-0.013465076226958242,-0.12456946082345774,0.13969699772766209
twozone_apartment_hydronic,zone_drift_positive,legacy_rssm,cost_tot,12,0.028530078798850778,0.036296921418642138,-8.8813008068261648e-36,0.10504635382747102
twozone_apartment_hydronic,zone_drift_positive,legacy_rssm,tdis_tot,12,11.275291283795685,16.786913941291381,1.7205103116029123,59.354937888819116
twozone_apartment_hydronic,zone_drift_positive,legacy_rssm,control_cost_proxy,12,0.50405431317209737,0.98972902515678263,0,2.9813040036861356
twozone_apartment_hydronic,zone_drift_positive,legacy_rssm,control_discomfort_kh,12,7.6683965504350127,14.496647348101291,0,54.52439691098779
twozone_apartment_hydronic,zone_drift_positive,legacy_rssm,control_energy_kwh,12,2.6529174377478806,5.0299285630340362,0,15.13320401327455
twozone_apartment_hydronic,zone_drift_positive,direct_h8_rssm,operational_score,12,-0.0003384414264923862,0.023706275813194583,-0.042166139993476841,0.13262199257706583
twozone_apartment_hydronic,zone_drift_positive,direct_h8_rssm,cost_tot,12,0.026879346512393744,0.035965456632330993,-8.8793847529954274e-37,0.11768444054442942
twozone_apartment_hydronic,zone_drift_positive,direct_h8_rssm,tdis_tot,12,15.118108843433987,25.633478361154275,1.7205103116029123,76.494828621455142
twozone_apartment_hydronic,zone_drift_positive,direct_h8_rssm,control_cost_proxy,12,0.44772911198250637,0.99599010479710604,0,3.6110549747576313
twozone_apartment_hydronic,zone_drift_positive,direct_h8_rssm,control_discomfort_kh,12,12.11803635325068,23.391050689784805,0,71.708602500025449
twozone_apartment_hydronic,zone_drift_positive,direct_h8_rssm,control_energy_kwh,12,2.3564690104342438,5.0249044776204812,0,18.372549851178121
twozone_apartment_hydronic,zone_drift_positive,deterministic_wm,operational_score,12,-0.023154821492766656,-0.02727411581851219,-0.14861172747611956,0.12016541171400688
twozone_apartment_hydronic,zone_drift_positive,deterministic_wm,cost_tot,12,0.031572411177216153,0.035896334976678095,-8.5496628488721264e-36,0.11985628323704517
twozone_apartment_hydronic,zone_drift_positive,deterministic_wm,tdis_tot,12,4.442447938173137,14.350307832365607,0.94429408936946491,54.354146425065458
twozone_apartment_hydronic,zone_drift_positive,deterministic_wm,control_cost_proxy,12,0.68059627776684817,0.98988906280240696,0,3.6382372003031667
twozone_apartment_hydronic,zone_drift_positive,deterministic_wm,control_discomfort_kh,12,2.7890511327566259,12.050866988228824,0,49.431092245395718
twozone_apartment_hydronic,zone_drift_positive,deterministic_wm,control_energy_kwh,12,3.4824304812250904,5.0854801617464362,0,18.515393700430511
twozone_apartment_hydronic,zone_drift_positive,rc_supervisory_selector,operational_score,12,0.060815127277373995,0.019104962969563478,-0.15760968541044379,0.15677472201692189
twozone_apartment_hydronic,zone_drift_positive,rc_supervisory_selector,cost_tot,12,0.039281505239394013,0.041175074476839366,-1.3790370637862868e-35,0.12286481386679561
twozone_apartment_hydronic,zone_drift_positive,rc_supervisory_selector,tdis_tot,12,10.29857590500707,16.71397567658914,1.7205103116029123,52.482571174726019
twozone_apartment_hydronic,zone_drift_positive,rc_supervisory_selector,control_cost_proxy,12,0.88302981825966154,1.2031847056699696,0,3.7103961192983959
twozone_apartment_hydronic,zone_drift_positive,rc_supervisory_selector,control_discomfort_kh,12,7.4004074443061683,14.445752359417929,0,47.544994820454818
twozone_apartment_hydronic,zone_drift_positive,rc_supervisory_selector,control_energy_kwh,12,4.6475253592613761,6.167165465842726,0,18.895397980340036
twozone_apartment_hydronic,zone_drift_positive,tuned_rule_based,operational_score,12,0.01515085983908444,0.0038445763698124434,-0.10576573919397327,0.13486813323119304
twozone_apartment_hydronic,zone_drift_positive,tuned_rule_based,cost_tot,12,0.036848904778053714,0.038641401478955978,-1.1618382939223102e-35,0.12255503702725855
twozone_apartment_hydronic,zone_drift_positive,tuned_rule_based,tdis_tot,12,4.4985741013806049,17.244747688330012,0.94123711895031259,63.266111987751884
twozone_apartment_hydronic,zone_drift_positive,tuned_rule_based,control_cost_proxy,12,0.82983284747022856,1.1117506811803599,0,3.6873975764258189
twozone_apartment_hydronic,zone_drift_positive,tuned_rule_based,control_discomfort_kh,12,2.4128050424509127,14.99633907721222,0,58.431265620248666
twozone_apartment_hydronic,zone_drift_positive,tuned_rule_based,control_energy_kwh,12,4.2288777082767988,5.6728714222159118,0,18.773831503017135
twozone_apartment_hydronic,zone_stuck,constant_zero,operational_score,12,0,0,0,0
twozone_apartment_hydronic,zone_stuck,constant_zero,cost_tot,12,0.026229101756282111,0.031570117159641843,-9.578709433920265e-36,0.10043029597427726
twozone_apartment_hydronic,zone_stuck,constant_zero,tdis_tot,12,10.992349811922193,27.072644376864471,1.7205103116029123,85.265385740098324
twozone_apartment_hydronic,zone_stuck,constant_zero,control_cost_proxy,12,0.43630226511755199,0.79044982518896745,0,2.7356140089417438
twozone_apartment_hydronic,zone_stuck,constant_zero,control_discomfort_kh,12,9.2178673020656561,24.822637091087518,0,80.509510250729903
twozone_apartment_hydronic,zone_stuck,constant_zero,control_energy_kwh,12,2.0926090191701463,4.0064653791090947,0,13.629913925677993
twozone_apartment_hydronic,zone_stuck,legacy_rssm,operational_score,12,-0.013690347782723235,-0.013302404067540305,-0.12456946082345774,0.13969699772766209
twozone_apartment_hydronic,zone_stuck,legacy_rssm,cost_tot,12,0.028530078798850778,0.036264627916973699,-8.8813008068261648e-36,0.10504635382747102
twozone_apartment_hydronic,zone_stuck,legacy_rssm,tdis_tot,12,11.74942817092024,16.86593675581214,1.7205103116029123,59.354937888819116
twozone_apartment_hydronic,zone_stuck,legacy_rssm,control_cost_proxy,12,0.50405431317209737,0.99495626122615233,0,2.9813040036861356
twozone_apartment_hydronic,zone_stuck,legacy_rssm,control_discomfort_kh,12,8.177385870413282,14.581478901431003,0,54.52439691098779
twozone_apartment_hydronic,zone_stuck,legacy_rssm,control_energy_kwh,12,2.6529174377478806,5.0684036765821876,0,15.13320401327455
twozone_apartment_hydronic,zone_stuck,direct_h8_rssm,operational_score,12,-0.0003384414264923862,0.02108440660435261,-0.067275345646104601,0.13262199257706583
twozone_apartment_hydronic,zone_stuck,direct_h8_rssm,cost_tot,12,0.026879346512393744,0.035965456632330993,-8.8793847529954274e-37,0.11768444054442942
twozone_apartment_hydronic,zone_stuck,direct_h8_rssm,tdis_tot,12,15.118108843433987,25.088129565715146,1.7205103116029123,76.494828621455142
twozone_apartment_hydronic,zone_stuck,direct_h8_rssm,control_cost_proxy,12,0.44772911198250637,0.99599010479710604,0,3.6110549747576313
twozone_apartment_hydronic,zone_stuck,direct_h8_rssm,control_discomfort_kh,12,12.11803635325068,22.845527146478602,0,71.708602500025449
twozone_apartment_hydronic,zone_stuck,direct_h8_rssm,control_energy_kwh,12,2.3564690104342438,5.0249044776204812,0,18.372549851178121
twozone_apartment_hydronic,zone_stuck,deterministic_wm,operational_score,12,-0.0061826582327571379,-0.033082825328948677,-0.14861172747611956,0.072612833090246715
twozone_apartment_hydronic,zone_stuck,deterministic_wm,cost_tot,12,0.031339267861450235,0.034979070540648798,-8.5496628488721264e-36,0.10504635382747102
twozone_apartment_hydronic,zone_stuck,deterministic_wm,tdis_tot,12,4.7987586951305286,14.427810186210154,0.94123711895031259,54.354146425065458
twozone_apartment_hydronic,zone_stuck,deterministic_wm,control_cost_proxy,12,0.67394174520701211,0.95905204626786933,0,2.9813040036861356
twozone_apartment_hydronic,zone_stuck,deterministic_wm,control_discomfort_kh,12,2.2339629438756106,12.112019348356474,0,49.431092245395718
twozone_apartment_hydronic,zone_stuck,deterministic_wm,control_energy_kwh,12,3.511472792541853,4.8628319989303828,0,14.332841093304067
twozone_apartment_hydronic,zone_stuck,rc_supervisory_selector,operational_score,12,0.034390576182466465,0.0070172041970955898,-0.15760968541044379,0.13914856776713194
twozone_apartment_hydronic,zone_stuck,rc_supervisory_selector,cost_tot,12,0.037489380091834557,0.039380435321203326,-1.3790370637862868e-35,0.10504635382747102
twozone_apartment_hydronic,zone_stuck,rc_supervisory_selector,tdis_tot,12,11.700431019866912,16.675539223180795,1.7205103116029123,52.482571174726019
twozone_apartment_hydronic,zone_stuck,rc_supervisory_selector,control_cost_proxy,12,0.82287273215721313,1.1248181004539552,0,2.9813040036861356
twozone_apartment_hydronic,zone_stuck,rc_supervisory_selector,control_discomfort_kh,12,8.6403759077630085,14.381297410684878,0,47.544994820454818
twozone_apartment_hydronic,zone_stuck,rc_supervisory_selector,control_energy_kwh,12,4.3309091166169109,5.7212665455771701,0,15.156151720692158
twozone_apartment_hydronic,zone_stuck,tuned_rule_based,operational_score,12,0.023448742932248735,0.0064251655874148798,-0.10576573919397327,0.13486813323119304
twozone_apartment_hydronic,zone_stuck,tuned_rule_based,cost_tot,12,0.036848904778053714,0.039022030575739955,-1.1618382939223102e-35,0.12255503702725855
twozone_apartment_hydronic,zone_stuck,tuned_rule_based,tdis_tot,12,4.4985741013806049,17.249311508135452,0.94123711895031259,63.266111987751884
twozone_apartment_hydronic,zone_stuck,tuned_rule_based,control_cost_proxy,12,0.82983284747022856,1.1263158614804765,0,3.6873975764258189
twozone_apartment_hydronic,zone_stuck,tuned_rule_based,control_discomfort_kh,12,2.4292853692686904,15.004950101412353,0,58.431265620248666
twozone_apartment_hydronic,zone_stuck,tuned_rule_based,control_energy_kwh,12,4.2288777082767988,5.8143044301418696,0,18.773831503017135
multizone_office_simple_air,clean,constant_zero,operational_score,12,0,0,0,0
multizone_office_simple_air,clean,constant_zero,cost_tot,12,0.011787458150883843,0.013149663214903079,0.0020454811406701904,0.032232186563263349
multizone_office_simple_air,clean,constant_zero,tdis_tot,12,0.74103463601236652,0.72680798794684565,0,1.8919021644153311
multizone_office_simple_air,clean,constant_zero,control_cost_proxy,12,16.720933549304434,17.197639776720404,2.1060106014214313,40.475113246800163
multizone_office_simple_air,clean,constant_zero,control_discomfort_kh,12,0.24785459066649196,0.34247877780635011,0,0.85069536985713512
multizone_office_simple_air,clean,constant_zero,control_energy_kwh,12,146.58121007476342,155.45968519428067,18.874586639664997,379.95149819135281
multizone_office_simple_air,clean,legacy_rssm,operational_score,12,-9.345763105070289e-08,-0.001656969599753484,-0.009963110957891954,3.4026072759684609e-07
multizone_office_simple_air,clean,legacy_rssm,cost_tot,12,0.010913108296179671,0.01299588955585497,0.0020454754472637921,0.032232209583796016
multizone_office_simple_air,clean,legacy_rssm,tdis_tot,12,1.0717819606737455,0.94792865300880624,0,1.8919144590531805
multizone_office_simple_air,clean,legacy_rssm,control_cost_proxy,12,16.02892194686174,16.94515721067086,2.106011488557356,40.481396907829108
multizone_office_simple_air,clean,legacy_rssm,control_discomfort_kh,12,0.51539076150238827,0.38776541742652171,0,0.85079352842868161
multizone_office_simple_air,clean,legacy_rssm,control_energy_kwh,12,133.39819780386705,153.18301887809466,18.874604732369797,380.01561818560646
multizone_office_simple_air,clean,direct_h8_rssm,operational_score,12,2.5277952320111239e-07,0.0017971412158061112,-1.9313649472417337e-06,0.011602533311425538
multizone_office_simple_air,clean,direct_h8_rssm,cost_tot,12,0.012043472556374692,0.013259667505722073,0.0020454754472637921,0.032232209583796016
multizone_office_simple_air,clean,direct_h8_rssm,tdis_tot,12,0.7514052091621557,0.79591300447172053,0,1.8919116563267162
multizone_office_simple_air,clean,direct_h8_rssm,control_cost_proxy,12,16.999425911121641,17.395854798215684,2.106011488557356,40.481396907829108
multizone_office_simple_air,clean,direct_h8_rssm,control_discomfort_kh,12,0.24784144676222297,0.34247818457649853,0,0.85079352842868161
multizone_office_simple_air,clean,direct_h8_rssm,control_energy_kwh,12,148.31923360370308,156.76529395156544,18.874604732369797,379.98698913213059
multizone_office_simple_air,clean,deterministic_wm,operational_score,12,-1.0269414061458329e-07,-0.0016571000366595978,-0.009963110957891954,3.1065571041551339e-06
multizone_office_simple_air,clean,deterministic_wm,cost_tot,12,0.010913099848471459,0.012995886963471421,0.0020454738363350935,0.032232392645916104
multizone_office_simple_air,clean,deterministic_wm,tdis_tot,12,1.0717806291272642,0.94789474875503077,0,1.8919168965460993
multizone_office_simple_air,clean,deterministic_wm,control_cost_proxy,12,16.028897754316066,16.943963400636466,2.1060102249891246,40.47444076618244
multizone_office_simple_air,clean,deterministic_wm,control_discomfort_kh,12,0.51526259332034385,0.38774373192602357,0,0.85079522155869824
multizone_office_simple_air,clean,deterministic_wm,control_energy_kwh,12,133.3980658149587,153.17458780383438,18.874587390016845,379.95641040456644
multizone_office_simple_air,clean,rc_supervisory_selector,operational_score,12,5.7985693162854677e-09,-2.1204831153968575e-06,-0.009963110957891954,0.010679682163759035
multizone_office_simple_air,clean,rc_supervisory_selector,cost_tot,12,0.011639925806732726,0.01311701301542964,0.0020454754472637921,0.032232256138462291
multizone_office_simple_air,clean,rc_supervisory_selector,tdis_tot,12,0.97890483780833304,0.90367404747937219,0,1.8919213082423607
multizone_office_simple_air,clean,rc_supervisory_selector,control_cost_proxy,12,16.472508683255583,17.145967154580958,2.106011488557356,40.470833957306283
multizone_office_simple_air,clean,rc_supervisory_selector,control_discomfort_kh,12,0.38228413161780139,0.36556191329665566,0,0.85068011522473341
multizone_office_simple_air,clean,rc_supervisory_selector,control_energy_kwh,12,143.09474979760409,154.86028458654138,18.874604732369797,379.95263992750654
multizone_office_simple_air,clean,tuned_rule_based,operational_score,12,-3.3962701064830795e-08,0.0010446976840355821,-0.00073860817025762514,0.010187433204740488
multizone_office_simple_air,clean,tuned_rule_based,cost_tot,12,0.011996231551435369,0.01320499526630157,0.0020454751265412546,0.032232353415347241
multizone_office_simple_air,clean,tuned_rule_based,tdis_tot,12,0.76199465184653126,0.81385193576390258,0,1.8919113211391114
multizone_office_simple_air,clean,tuned_rule_based,control_cost_proxy,12,16.936691450101033,17.300474744608653,2.106010832372859,40.469898421880274
multizone_office_simple_air,clean,tuned_rule_based,control_discomfort_kh,12,0.24784198920118428,0.34246453117990211,0,0.85072637260229556
multizone_office_simple_air,clean,tuned_rule_based,control_energy_kwh,12,147.08937411291919,155.97743067206855,18.874589692474991,379.96937405821654
multizone_office_simple_air,zone_bias_negative,constant_zero,operational_score,12,0,0,0,0
multizone_office_simple_air,zone_bias_negative,constant_zero,cost_tot,12,0.011787458150883843,0.013149663214903079,0.0020454811406701904,0.032232186563263349
multizone_office_simple_air,zone_bias_negative,constant_zero,tdis_tot,12,0.74103463601236652,0.72680798794684565,0,1.8919021644153311
multizone_office_simple_air,zone_bias_negative,constant_zero,control_cost_proxy,12,16.720933549304434,17.197639776720404,2.1060106014214313,40.475113246800163
multizone_office_simple_air,zone_bias_negative,constant_zero,control_discomfort_kh,12,0.24785459066649196,0.34247877780635011,0,0.85069536985713512
multizone_office_simple_air,zone_bias_negative,constant_zero,control_energy_kwh,12,146.58121007476342,155.45968519428067,18.874586639664997,379.95149819135281
multizone_office_simple_air,zone_bias_negative,legacy_rssm,operational_score,12,-9.345763105070289e-08,-0.0016566913594444437,-0.009963110957891954,3.67914443608193e-06
multizone_office_simple_air,zone_bias_negative,legacy_rssm,cost_tot,12,0.010913108296179671,0.01299590793915629,0.0020454754472637921,0.032232430183411875
multizone_office_simple_air,zone_bias_negative,legacy_rssm,tdis_tot,12,1.0717819606737455,0.94792818085344732,0,1.8919144590531805
multizone_office_simple_air,zone_bias_negative,legacy_rssm,control_cost_proxy,12,16.02892194686174,16.944568822946877,2.106011488557356,40.474336255141296
multizone_office_simple_air,zone_bias_negative,legacy_rssm,control_discomfort_kh,12,0.51539076150238827,0.38776521124828162,0,0.85079105428980029
multizone_office_simple_air,zone_bias_negative,legacy_rssm,control_energy_kwh,12,133.39819780386705,153.17946689496753,18.874604732369797,380.01561818560646
multizone_office_simple_air,zone_bias_negative,direct_h8_rssm,operational_score,12,3.4084228309654984e-07,0.0017972213437278458,-4.3132272450697685e-06,0.011602533311425538
multizone_office_simple_air,zone_bias_negative,direct_h8_rssm,cost_tot,12,0.012043472556374692,0.013259672750267381,0.0020454754472637921,0.032232430183411875
multizone_office_simple_air,zone_bias_negative,direct_h8_rssm,tdis_tot,12,0.7514052091621557,0.79591315176314625,0,1.8919185717786022
multizone_office_simple_air,zone_bias_negative,direct_h8_rssm,control_cost_proxy,12,16.999425911121641,17.395052152738089,2.106011488557356,40.474336255141296
multizone_office_simple_air,zone_bias_negative,direct_h8_rssm,control_discomfort_kh,12,0.24784144676222297,0.34247639750103431,0,0.85079105428980029
multizone_office_simple_air,zone_bias_negative,direct_h8_rssm,control_energy_kwh,12,148.31923360370308,156.75940843057694,18.874604732369797,379.95896939790231
multizone_office_simple_air,zone_bias_negative,deterministic_wm,operational_score,12,-4.1436884131938939e-08,-0.0016570423708391752,-0.0099630492590223173,3.1065571041551339e-06
multizone_office_simple_air,zone_bias_negative,deterministic_wm,cost_tot,12,0.010913104420609752,0.012995888283306486,0.0020454738363350935,0.032232392645916104
multizone_office_simple_air,zone_bias_negative,deterministic_wm,tdis_tot,12,1.0717823870637062,0.94790880840792768,0,1.8919168965460993
multizone_office_simple_air,zone_bias_negative,deterministic_wm,control_cost_proxy,12,16.028908856667282,16.943963162662936,2.1060102249891246,40.47444076618244
multizone_office_simple_air,zone_bias_negative,deterministic_wm,control_discomfort_kh,12,0.51532371372875474,0.38775330577723227,0,0.85079522155869824
multizone_office_simple_air,zone_bias_negative,deterministic_wm,control_energy_kwh,12,133.39803834667993,153.17458887659879,18.874587390016845,379.95641040456644
multizone_office_simple_air,zone_bias_negative,rc_supervisory_selector,operational_score,12,4.1587859332280973e-09,-2.3562834146937788e-06,-0.0099630213898693216,0.010676643087925975
multizone_office_simple_air,zone_bias_negative,rc_supervisory_selector,cost_tot,12,0.011639850446486213,0.013117000982581258,0.0020454738363350788,0.032232256138462291
multizone_office_simple_air,zone_bias_negative,rc_supervisory_selector,tdis_tot,12,0.97890483780833304,0.90365202600802796,0,1.8919238820332249
multizone_office_simple_air,zone_bias_negative,rc_supervisory_selector,control_cost_proxy,12,16.472530489545989,17.145891590600559,2.1060102249890988,40.470833957306283
multizone_office_simple_air,zone_bias_negative,rc_supervisory_selector,control_discomfort_kh,12,0.3822135348794049,0.36554827266836415,0,0.85068011522473341
multizone_office_simple_air,zone_bias_negative,rc_supervisory_selector,control_energy_kwh,12,143.09504209709297,154.85981422468319,18.87458739001644,379.94798132532719
multizone_office_simple_air,zone_bias_negative,tuned_rule_based,operational_score,12,-3.3962701064830795e-08,0.0010446976840355821,-0.00073860817025762514,0.010187433204740488
multizone_office_simple_air,zone_bias_negative,tuned_rule_based,cost_tot,12,0.011996231551435369,0.01320499526630157,0.0020454751265412546,0.032232353415347241
multizone_office_simple_air,zone_bias_negative,tuned_rule_based,tdis_tot,12,0.76199465184653126,0.81385193576390258,0,1.8919113211391114
multizone_office_simple_air,zone_bias_negative,tuned_rule_based,control_cost_proxy,12,16.936691450101033,17.300474744608653,2.106010832372859,40.469898421880274
multizone_office_simple_air,zone_bias_negative,tuned_rule_based,control_discomfort_kh,12,0.24784198920118428,0.34246453117990211,0,0.85072637260229556
multizone_office_simple_air,zone_bias_negative,tuned_rule_based,control_energy_kwh,12,147.08937411291919,155.97743067206855,18.874589692474991,379.96937405821654
multizone_office_simple_air,zone_bias_positive,constant_zero,operational_score,12,0,0,0,0
multizone_office_simple_air,zone_bias_positive,constant_zero,cost_tot,12,0.011787458150883843,0.013149663214903079,0.0020454811406701904,0.032232186563263349
multizone_office_simple_air,zone_bias_positive,constant_zero,tdis_tot,12,0.74103463601236652,0.72680798794684565,0,1.8919021644153311
multizone_office_simple_air,zone_bias_positive,constant_zero,control_cost_proxy,12,16.720933549304434,17.197639776720404,2.1060106014214313,40.475113246800163
multizone_office_simple_air,zone_bias_positive,constant_zero,control_discomfort_kh,12,0.24785459066649196,0.34247877780635011,0,0.85069536985713512
multizone_office_simple_air,zone_bias_positive,constant_zero,control_energy_kwh,12,146.58121007476342,155.45968519428067,18.874586639664997,379.95149819135281
multizone_office_simple_air,zone_bias_positive,legacy_rssm,operational_score,12,-9.345763105070289e-08,-0.001656969599753484,-0.009963110957891954,3.4026072759684609e-07
multizone_office_simple_air,zone_bias_positive,legacy_rssm,cost_tot,12,0.010913108296179671,0.01299588955585497,0.0020454754472637921,0.032232209583796016
multizone_office_simple_air,zone_bias_positive,legacy_rssm,tdis_tot,12,1.0717819606737455,0.94792865300880624,0,1.8919144590531805
multizone_office_simple_air,zone_bias_positive,legacy_rssm,control_cost_proxy,12,16.02892194686174,16.94515721067086,2.106011488557356,40.481396907829108
multizone_office_simple_air,zone_bias_positive,legacy_rssm,control_discomfort_kh,12,0.51539076150238827,0.38776541742652171,0,0.85079352842868161
multizone_office_simple_air,zone_bias_positive,legacy_rssm,control_energy_kwh,12,133.39819780386705,153.18301887809466,18.874604732369797,380.01561818560646
multizone_office_simple_air,zone_bias_positive,direct_h8_rssm,operational_score,12,2.5277952320111239e-07,0.001710492502998967,-1.9313649472417337e-06,0.011602533311425538
multizone_office_simple_air,zone_bias_positive,direct_h8_rssm,cost_tot,12,0.012000987177372167,0.013252586453115306,0.0020454754472637921,0.032232209583796016
multizone_office_simple_air,zone_bias_positive,direct_h8_rssm,tdis_tot,12,0.7514052091621557,0.80225106573565064,0,1.8919116563267162
multizone_office_simple_air,zone_bias_positive,direct_h8_rssm,control_cost_proxy,12,16.945644996296163,17.386891065381505,2.106011488557356,40.481396907829108
multizone_office_simple_air,zone_bias_positive,direct_h8_rssm,control_discomfort_kh,12,0.24784144676222297,0.34247818457649853,0,0.85079352842868161
multizone_office_simple_air,zone_bias_positive,direct_h8_rssm,control_energy_kwh,12,147.62571178778927,156.64970698224647,18.874604732369797,379.98698913213059
multizone_office_simple_air,zone_bias_positive,deterministic_wm,operational_score,12,-6.412838032997515e-08,-0.0016569784711894253,-0.009963110957891954,3.1065571041551339e-06
multizone_office_simple_air,zone_bias_positive,deterministic_wm,cost_tot,12,0.010913108296179671,0.012995889082349344,0.002045475447263806,0.032232392645916104
multizone_office_simple_air,zone_bias_positive,deterministic_wm,tdis_tot,12,1.0717811734252254,0.94792803187596653,0,1.8919168965460993
multizone_office_simple_air,zone_bias_positive,deterministic_wm,control_cost_proxy,12,16.028925101307603,16.943966607278202,2.1060114885573791,40.47444076618244
multizone_office_simple_air,zone_bias_positive,deterministic_wm,control_discomfort_kh,12,0.51540218584035102,0.38776584961639787,0,0.85079522155869824
multizone_office_simple_air,zone_bias_positive,deterministic_wm,control_energy_kwh,12,133.39819780386705,153.17461933423959,18.874604732370187,379.95641040456644
multizone_office_simple_air,zone_bias_positive,rc_supervisory_selector,operational_score,12,4.927587039066554e-08,0.00051545473120524852,-0.0093715192769596688,0.011185500480939369
multizone_office_simple_air,zone_bias_positive,rc_supervisory_selector,cost_tot,12,0.011695421542844458,0.013156724062522711,0.0020454754472637921,0.032232389056500388
multizone_office_simple_air,zone_bias_positive,rc_supervisory_selector,tdis_tot,12,0.97890410524962479,0.87988313683993757,0,1.8919213082423607
multizone_office_simple_air,zone_bias_positive,rc_supervisory_selector,control_cost_proxy,12,16.506379670177402,17.213055015192481,2.106011488557356,40.471188158071854
multizone_office_simple_air,zone_bias_positive,rc_supervisory_selector,control_discomfort_kh,12,0.32515190429310792,0.3558493533967339,0,0.85071728784066636
multizone_office_simple_air,zone_bias_positive,rc_supervisory_selector,control_energy_kwh,12,143.28745337444957,155.54933012222577,18.874604732369797,379.95263992750654
multizone_office_simple_air,zone_bias_positive,tuned_rule_based,operational_score,12,4.9129238163288973e-08,0.0019049421298141871,-2.9387232281060959e-06,0.01197688640443186
multizone_office_simple_air,zone_bias_positive,tuned_rule_based,cost_tot,12,0.012047783016759944,0.013267417692899188,0.0020454763984598624,0.032232353415347241
multizone_office_simple_air,zone_bias_positive,tuned_rule_based,tdis_tot,12,0.74940941305561082,0.79379185409676289,0,1.8919113211391114
multizone_office_simple_air,zone_bias_positive,tuned_rule_based,control_cost_proxy,12,17.007514423217877,17.405083994075991,2.106008994702683,40.469898421880274
multizone_office_simple_air,zone_bias_positive,tuned_rule_based,control_discomfort_kh,12,0.24784198920118428,0.34246453117990211,0,0.85072637260229556
multizone_office_simple_air,zone_bias_positive,tuned_rule_based,control_energy_kwh,12,147.87178868541255,156.81201114251795,18.874571235503101,379.96937405821654
multizone_office_simple_air,zone_drift_negative,constant_zero,operational_score,12,0,0,0,0
multizone_office_simple_air,zone_drift_negative,constant_zero,cost_tot,12,0.011787458150883843,0.013149663214903079,0.0020454811406701904,0.032232186563263349
multizone_office_simple_air,zone_drift_negative,constant_zero,tdis_tot,12,0.74103463601236652,0.72680798794684565,0,1.8919021644153311
multizone_office_simple_air,zone_drift_negative,constant_zero,control_cost_proxy,12,16.720933549304434,17.197639776720404,2.1060106014214313,40.475113246800163
multizone_office_simple_air,zone_drift_negative,constant_zero,control_discomfort_kh,12,0.24785459066649196,0.34247877780635011,0,0.85069536985713512
multizone_office_simple_air,zone_drift_negative,constant_zero,control_energy_kwh,12,146.58121007476342,155.45968519428067,18.874586639664997,379.95149819135281
multizone_office_simple_air,zone_drift_negative,legacy_rssm,operational_score,12,-9.345763105070289e-08,-0.001656969599753484,-0.009963110957891954,3.4026072759684609e-07
multizone_office_simple_air,zone_drift_negative,legacy_rssm,cost_tot,12,0.010913108296179671,0.01299588955585497,0.0020454754472637921,0.032232209583796016
multizone_office_simple_air,zone_drift_negative,legacy_rssm,tdis_tot,12,1.0717819606737455,0.94792865300880624,0,1.8919144590531805
multizone_office_simple_air,zone_drift_negative,legacy_rssm,control_cost_proxy,12,16.02892194686174,16.94515721067086,2.106011488557356,40.481396907829108
multizone_office_simple_air,zone_drift_negative,legacy_rssm,control_discomfort_kh,12,0.51539076150238827,0.38776541742652171,0,0.85079352842868161
multizone_office_simple_air,zone_drift_negative,legacy_rssm,control_energy_kwh,12,133.39819780386705,153.18301887809466,18.874604732369797,380.01561818560646
multizone_office_simple_air,zone_drift_negative,direct_h8_rssm,operational_score,12,2.5277952320111239e-07,0.0017971412158061112,-1.9313649472417337e-06,0.011602533311425538
multizone_office_simple_air,zone_drift_negative,direct_h8_rssm,cost_tot,12,0.012043472556374692,0.013259667505722073,0.0020454754472637921,0.032232209583796016
multizone_office_simple_air,zone_drift_negative,direct_h8_rssm,tdis_tot,12,0.7514052091621557,0.79591300447172053,0,1.8919116563267162
multizone_office_simple_air,zone_drift_negative,direct_h8_rssm,control_cost_proxy,12,16.999425911121641,17.395854798215684,2.106011488557356,40.481396907829108
multizone_office_simple_air,zone_drift_negative,direct_h8_rssm,control_discomfort_kh,12,0.24784144676222297,0.34247818457649853,0,0.85079352842868161
multizone_office_simple_air,zone_drift_negative,direct_h8_rssm,control_energy_kwh,12,148.31923360370308,156.76529395156544,18.874604732369797,379.98698913213059
multizone_office_simple_air,zone_drift_negative,deterministic_wm,operational_score,12,-3.563916646263477e-08,-0.0016570301710176771,-0.0099631094733793717,3.1065571041551339e-06
multizone_office_simple_air,zone_drift_negative,deterministic_wm,cost_tot,12,0.010913102834581932,0.012995889400145934,0.0020454738363350935,0.032232392645916104
multizone_office_simple_air,zone_drift_negative,deterministic_wm,tdis_tot,12,1.0717818388657683,0.94790697248011258,0,1.8919168965460993
multizone_office_simple_air,zone_drift_negative,deterministic_wm,control_cost_proxy,12,16.028908856667282,16.943966849541024,2.1060102249891246,40.47444076618244
multizone_office_simple_air,zone_drift_negative,deterministic_wm,control_discomfort_kh,12,0.51532371372875474,0.38775325875575817,0,0.85079522155869824
multizone_office_simple_air,zone_drift_negative,deterministic_wm,control_energy_kwh,12,133.39815598818109,153.17463106935386,18.874587390016845,379.95641040456644
multizone_office_simple_air,zone_drift_negative,rc_supervisory_selector,operational_score,12,4.1587859332280973e-09,-2.2540011131876166e-06,-0.0099630492590223173,0.010677786374516135
multizone_office_simple_air,zone_drift_negative,rc_supervisory_selector,cost_tot,12,0.011639880232700817,0.013117006489601188,0.0020454738363350788,0.032232256138462291
multizone_office_simple_air,zone_drift_negative,rc_supervisory_selector,tdis_tot,12,0.97890483780833304,0.90365996023951256,0,1.8919213082423607
multizone_office_simple_air,zone_drift_negative,rc_supervisory_selector,control_cost_proxy,12,16.472504790930614,17.145953471393856,2.1060102249890988,40.470833957306283
multizone_office_simple_air,zone_drift_negative,rc_supervisory_selector,control_discomfort_kh,12,0.38223582866244499,0.36555439062540174,0,0.85068011522473341
multizone_office_simple_air,zone_drift_negative,rc_supervisory_selector,control_energy_kwh,12,143.09466470007484,154.8601823495043,18.87458739001644,379.95263992750654
multizone_office_simple_air,zone_drift_negative,tuned_rule_based,operational_score,12,-3.3962701064830795e-08,0.0010446976840355821,-0.00073860817025762514,0.010187433204740488
multizone_office_simple_air,zone_drift_negative,tuned_rule_based,cost_tot,12,0.011996231551435369,0.01320499526630157,0.0020454751265412546,0.032232353415347241
multizone_office_simple_air,zone_drift_negative,tuned_rule_based,tdis_tot,12,0.76199465184653126,0.81385193576390258,0,1.8919113211391114
multizone_office_simple_air,zone_drift_negative,tuned_rule_based,control_cost_proxy,12,16.936691450101033,17.300474744608653,2.106010832372859,40.469898421880274
multizone_office_simple_air,zone_drift_negative,tuned_rule_based,control_discomfort_kh,12,0.24784198920118428,0.34246453117990211,0,0.85072637260229556
multizone_office_simple_air,zone_drift_negative,tuned_rule_based,control_energy_kwh,12,147.08937411291919,155.97743067206855,18.874589692474991,379.96937405821654
multizone_office_simple_air,zone_drift_positive,constant_zero,operational_score,12,0,0,0,0
multizone_office_simple_air,zone_drift_positive,constant_zero,cost_tot,12,0.011787458150883843,0.013149663214903079,0.0020454811406701904,0.032232186563263349
multizone_office_simple_air,zone_drift_positive,constant_zero,tdis_tot,12,0.74103463601236652,0.72680798794684565,0,1.8919021644153311
multizone_office_simple_air,zone_drift_positive,constant_zero,control_cost_proxy,12,16.720933549304434,17.197639776720404,2.1060106014214313,40.475113246800163
multizone_office_simple_air,zone_drift_positive,constant_zero,control_discomfort_kh,12,0.24785459066649196,0.34247877780635011,0,0.85069536985713512
multizone_office_simple_air,zone_drift_positive,constant_zero,control_energy_kwh,12,146.58121007476342,155.45968519428067,18.874586639664997,379.95149819135281
multizone_office_simple_air,zone_drift_positive,legacy_rssm,operational_score,12,-9.345763105070289e-08,-0.001656969599753484,-0.009963110957891954,3.4026072759684609e-07
multizone_office_simple_air,zone_drift_positive,legacy_rssm,cost_tot,12,0.010913108296179671,0.01299588955585497,0.0020454754472637921,0.032232209583796016
multizone_office_simple_air,zone_drift_positive,legacy_rssm,tdis_tot,12,1.0717819606737455,0.94792865300880624,0,1.8919144590531805
multizone_office_simple_air,zone_drift_positive,legacy_rssm,control_cost_proxy,12,16.02892194686174,16.94515721067086,2.106011488557356,40.481396907829108
multizone_office_simple_air,zone_drift_positive,legacy_rssm,control_discomfort_kh,12,0.51539076150238827,0.38776541742652171,0,0.85079352842868161
multizone_office_simple_air,zone_drift_positive,legacy_rssm,control_energy_kwh,12,133.39819780386705,153.18301887809466,18.874604732369797,380.01561818560646
multizone_office_simple_air,zone_drift_positive,direct_h8_rssm,operational_score,12,2.5277952320111239e-07,0.0017971389294649386,-1.9313649472417337e-06,0.011602533311425538
multizone_office_simple_air,zone_drift_positive,direct_h8_rssm,cost_tot,12,0.012043472556374692,0.013259667349615728,0.0020454754472637921,0.032232209583796016
multizone_office_simple_air,zone_drift_positive,direct_h8_rssm,tdis_tot,12,0.7514052091621557,0.79591300447172053,0,1.8919116563267162
multizone_office_simple_air,zone_drift_positive,direct_h8_rssm,control_cost_proxy,12,16.999425911121641,17.395854551185753,2.106011488557356,40.481396907829108
multizone_office_simple_air,zone_drift_positive,direct_h8_rssm,control_discomfort_kh,12,0.24784144676222297,0.34247818457649853,0,0.85079352842868161
multizone_office_simple_air,zone_drift_positive,direct_h8_rssm,control_energy_kwh,12,148.31920843075687,156.7652897560744,18.874604732369797,379.98698913213059
multizone_office_simple_air,zone_drift_positive,deterministic_wm,operational_score,12,-6.9109493479398548e-08,-0.0016569854330690499,-0.009963110957891954,3.1065571041551339e-06
multizone_office_simple_air,zone_drift_positive,deterministic_wm,cost_tot,12,0.010913108296179671,0.012995888622229154,0.002045475447263806,0.032232392645916104
multizone_office_simple_air,zone_drift_positive,deterministic_wm,tdis_tot,12,1.0717806291272642,0.94792804453540036,0,1.8919168965460993
multizone_office_simple_air,zone_drift_positive,deterministic_wm,control_cost_proxy,12,16.028913012975078,16.943965836247724,2.1060114885573791,40.47444076618244
multizone_office_simple_air,zone_drift_positive,deterministic_wm,control_discomfort_kh,12,0.51540218584035102,0.38776699734602477,0,0.85079522155869824
multizone_office_simple_air,zone_drift_positive,deterministic_wm,control_energy_kwh,12,133.39819780386705,153.17460908011716,18.874604732370187,379.95641040456644
multizone_office_simple_air,zone_drift_positive,rc_supervisory_selector,operational_score,12,4.8978949981932147e-08,-1.9497659182453344e-06,-0.009963110957891954,0.010679682163759035
multizone_office_simple_air,zone_drift_positive,rc_supervisory_selector,cost_tot,12,0.011639925806732726,0.013117024225064652,0.0020454754472637921,0.032232389056500388
multizone_office_simple_air,zone_drift_positive,rc_supervisory_selector,tdis_tot,12,0.97890488681478172,0.90367424482111514,0,1.8919213082423607
multizone_office_simple_air,zone_drift_positive,rc_supervisory_selector,control_cost_proxy,12,16.472509377848016,17.145996342141327,2.106011488557356,40.471188158071854
multizone_office_simple_air,zone_drift_positive,rc_supervisory_selector,control_discomfort_kh,12,0.38227270727983864,0.36556346031839598,0,0.85071728784066636
multizone_office_simple_air,zone_drift_positive,rc_supervisory_selector,control_energy_kwh,12,143.09474979760409,154.86055208034185,18.874604732369797,379.95263992750654
multizone_office_simple_air,zone_drift_positive,tuned_rule_based,operational_score,12,5.7701615464567782e-08,0.0016093872891882483,-2.9387232281060959e-06,0.010682584937596086
multizone_office_simple_air,zone_drift_positive,tuned_rule_based,cost_tot,12,0.012043400257166497,0.013246215412260292,0.0020454751265412546,0.032232353415347241
multizone_office_simple_air,zone_drift_positive,tuned_rule_based,tdis_tot,12,0.75906888798625294,0.79935501397695596,0,1.8919113211391114
multizone_office_simple_air,zone_drift_positive,tuned_rule_based,control_cost_proxy,12,16.999306392667215,17.369089126409218,2.106010832372859,40.469898421880274
multizone_office_simple_air,zone_drift_positive,tuned_rule_based,control_discomfort_kh,12,0.24784198920118428,0.34246453117990211,0,0.85072637260229556
multizone_office_simple_air,zone_drift_positive,tuned_rule_based,control_energy_kwh,12,147.82892411186597,156.66402893800065,18.874589692474991,379.96937405821654
multizone_office_simple_air,zone_stuck,constant_zero,operational_score,12,0,0,0,0
multizone_office_simple_air,zone_stuck,constant_zero,cost_tot,12,0.011787458150883843,0.013149663214903079,0.0020454811406701904,0.032232186563263349
multizone_office_simple_air,zone_stuck,constant_zero,tdis_tot,12,0.74103463601236652,0.72680798794684565,0,1.8919021644153311
multizone_office_simple_air,zone_stuck,constant_zero,control_cost_proxy,12,16.720933549304434,17.197639776720404,2.1060106014214313,40.475113246800163
multizone_office_simple_air,zone_stuck,constant_zero,control_discomfort_kh,12,0.24785459066649196,0.34247877780635011,0,0.85069536985713512
multizone_office_simple_air,zone_stuck,constant_zero,control_energy_kwh,12,146.58121007476342,155.45968519428067,18.874586639664997,379.95149819135281
multizone_office_simple_air,zone_stuck,legacy_rssm,operational_score,12,-9.345763105070289e-08,-0.001656969599753484,-0.009963110957891954,3.4026072759684609e-07
multizone_office_simple_air,zone_stuck,legacy_rssm,cost_tot,12,0.010913108296179671,0.01299588955585497,0.0020454754472637921,0.032232209583796016
multizone_office_simple_air,zone_stuck,legacy_rssm,tdis_tot,12,1.0717819606737455,0.94792865300880624,0,1.8919144590531805
multizone_office_simple_air,zone_stuck,legacy_rssm,control_cost_proxy,12,16.02892194686174,16.94515721067086,2.106011488557356,40.481396907829108
multizone_office_simple_air,zone_stuck,legacy_rssm,control_discomfort_kh,12,0.51539076150238827,0.38776541742652171,0,0.85079352842868161
multizone_office_simple_air,zone_stuck,legacy_rssm,control_energy_kwh,12,133.39819780386705,153.18301887809466,18.874604732369797,380.01561818560646
multizone_office_simple_air,zone_stuck,direct_h8_rssm,operational_score,12,2.5277952320111239e-07,0.0017971412158061112,-1.9313649472417337e-06,0.011602533311425538
multizone_office_simple_air,zone_stuck,direct_h8_rssm,cost_tot,12,0.012043472556374692,0.013259667505722073,0.0020454754472637921,0.032232209583796016
multizone_office_simple_air,zone_stuck,direct_h8_rssm,tdis_tot,12,0.7514052091621557,0.79591300447172053,0,1.8919116563267162
multizone_office_simple_air,zone_stuck,direct_h8_rssm,control_cost_proxy,12,16.999425911121641,17.395854798215684,2.106011488557356,40.481396907829108
multizone_office_simple_air,zone_stuck,direct_h8_rssm,control_discomfort_kh,12,0.24784144676222297,0.34247818457649853,0,0.85079352842868161
multizone_office_simple_air,zone_stuck,direct_h8_rssm,control_energy_kwh,12,148.31923360370308,156.76529395156544,18.874604732369797,379.98698913213059
multizone_office_simple_air,zone_stuck,deterministic_wm,operational_score,12,-8.4952152197630443e-08,-0.0016569801820872098,-0.009963110957891954,3.1065571041551339e-06
multizone_office_simple_air,zone_stuck,deterministic_wm,cost_tot,12,0.010913108296179671,0.012995889017856685,0.0020454738363350935,0.032232392645916104
multizone_office_simple_air,zone_stuck,deterministic_wm,tdis_tot,12,1.0717806291272642,0.94792790134620886,0,1.8919168965460993
multizone_office_simple_air,zone_stuck,deterministic_wm,control_cost_proxy,12,16.028913012975078,16.943966536468363,2.1060102249891246,40.47444076618244
multizone_office_simple_air,zone_stuck,deterministic_wm,control_discomfort_kh,12,0.51540237803759226,0.38776702937889834,0,0.85079522155869824
multizone_office_simple_air,zone_stuck,deterministic_wm,control_energy_kwh,12,133.39819780386705,153.17462042445942,18.874587390016845,379.95641040456644
multizone_office_simple_air,zone_stuck,rc_supervisory_selector,operational_score,12,9.0321693541611201e-09,-2.1970708035587497e-06,-0.0099630213898693216,0.010676643087925975
multizone_office_simple_air,zone_stuck,rc_supervisory_selector,cost_tot,12,0.011639850446486213,0.013117011577943358,0.0020454755583171492,0.032232389056500388
multizone_office_simple_air,zone_stuck,rc_supervisory_selector,tdis_tot,12,0.97890483780833304,0.90365111609862048,0,1.8919213082423607
multizone_office_simple_air,zone_stuck,rc_supervisory_selector,control_cost_proxy,12,16.472530489545989,17.145980440202148,2.1060107973275555,40.471188158071854
multizone_office_simple_air,zone_stuck,rc_supervisory_selector,control_discomfort_kh,12,0.3822135348794049,0.36555327499399465,0,0.85071728784066636
multizone_office_simple_air,zone_stuck,rc_supervisory_selector,control_energy_kwh,12,143.0950666762435,154.86047126677147,18.874593598356078,379.95263992750654
multizone_office_simple_air,zone_stuck,tuned_rule_based,operational_score,12,-3.3962701064830795e-08,0.0010446976840355821,-0.00073860817025762514,0.010187433204740488
multizone_office_simple_air,zone_stuck,tuned_rule_based,cost_tot,12,0.011996231551435369,0.01320499526630157,0.0020454751265412546,0.032232353415347241
multizone_office_simple_air,zone_stuck,tuned_rule_based,tdis_tot,12,0.76199465184653126,0.81385193576390258,0,1.8919113211391114
multizone_office_simple_air,zone_stuck,tuned_rule_based,control_cost_proxy,12,16.936691450101033,17.300474744608653,2.106010832372859,40.469898421880274
multizone_office_simple_air,zone_stuck,tuned_rule_based,control_discomfort_kh,12,0.24784198920118428,0.34246453117990211,0,0.85072637260229556
multizone_office_simple_air,zone_stuck,tuned_rule_based,control_energy_kwh,12,147.08937411291919,155.97743067206855,18.874589692474991,379.96937405821654
